colour	y	x	group	tooltip	showSelected1
#FFA500	49.009816202999	2.5530565519414	5	Seine-Saint-Denis (93)	Dept. en IDF
#FFA500	49.012397786393	2.5657856607901	5	Seine-Saint-Denis (93)	Dept. en IDF
#FFA500	48.999841685023	2.5716715859606	5	Seine-Saint-Denis (93)	Dept. en IDF
#FFA500	48.991593137352	2.5803194899487	5	Seine-Saint-Denis (93)	Dept. en IDF
#FFA500	48.984984703781	2.5797962900593	5	Seine-Saint-Denis (93)	Dept. en IDF
#FFA500	48.977732430334	2.5634346213721	5	Seine-Saint-Denis (93)	Dept. en IDF
#FFA500	48.953758253881	2.5893050070876	5	Seine-Saint-Denis (93)	Dept. en IDF
#FFA500	48.929356607315	2.6025997962059	5	Seine-Saint-Denis (93)	Dept. en IDF
#FFA500	48.923361520931	2.5906912334031	5	Seine-Saint-Denis (93)	Dept. en IDF
#FFA500	48.906830121884	2.5912646006622	5	Seine-Saint-Denis (93)	Dept. en IDF
#FFA500	48.895410384217	2.5838172328399	5	Seine-Saint-Denis (93)	Dept. en IDF
#FFA500	48.888883251177	2.5626276286343	5	Seine-Saint-Denis (93)	Dept. en IDF
#FFA500	48.885336254164	2.5594064582352	5	Seine-Saint-Denis (93)	Dept. en IDF
#FFA500	48.876463404921	2.5702348571309	5	Seine-Saint-Denis (93)	Dept. en IDF
#FFA500	48.865942675094	2.568109258403	5	Seine-Saint-Denis (93)	Dept. en IDF
#FFA500	48.865005030869	2.5873261857605	5	Seine-Saint-Denis (93)	Dept. en IDF
#FFA500	48.857208607635	2.5831356251086	5	Seine-Saint-Denis (93)	Dept. en IDF
#FFA500	48.853385173417	2.5738417937528	5	Seine-Saint-Denis (93)	Dept. en IDF
#FFA500	48.825870860417	2.5925149932073	5	Seine-Saint-Denis (93)	Dept. en IDF
#FFA500	48.810889137262	2.5964557305467	5	Seine-Saint-Denis (93)	Dept. en IDF
#FFA500	48.807437551952	2.5922736733656	5	Seine-Saint-Denis (93)	Dept. en IDF
#FFA500	48.8129126037	2.574124871997	5	Seine-Saint-Denis (93)	Dept. en IDF
#FFA500	48.8226801571	2.5709791871159	5	Seine-Saint-Denis (93)	Dept. en IDF
#FFA500	48.844429712931	2.5313232159076	5	Seine-Saint-Denis (93)	Dept. en IDF
#FFA500	48.860848724102	2.4956483361361	5	Seine-Saint-Denis (93)	Dept. en IDF
#FFA500	48.861405371284	2.4815382130314	5	Seine-Saint-Denis (93)	Dept. en IDF
#FFA500	48.852094875028	2.4476549109644	5	Seine-Saint-Denis (93)	Dept. en IDF
#FFA500	48.849233783552	2.4163411302989	5	Seine-Saint-Denis (93)	Dept. en IDF
#FFA500	48.872892145992	2.4132702557262	5	Seine-Saint-Denis (93)	Dept. en IDF
#FFA500	48.887109095072	2.3988455271816	5	Seine-Saint-Denis (93)	Dept. en IDF
#FFA500	48.898444039523	2.394906293421	5	Seine-Saint-Denis (93)	Dept. en IDF
#FFA500	48.902007785215	2.3851496429397	5	Seine-Saint-Denis (93)	Dept. en IDF
#FFA500	48.90045978209	2.3198871747441	5	Seine-Saint-Denis (93)	Dept. en IDF
#FFA500	48.914015216252	2.3137528853936	5	Seine-Saint-Denis (93)	Dept. en IDF
#FFA500	48.915937453257	2.3198186224138	5	Seine-Saint-Denis (93)	Dept. en IDF
#FFA500	48.932347933816	2.3363529889891	5	Seine-Saint-Denis (93)	Dept. en IDF
#FFA500	48.940679976956	2.3355682105858	5	Seine-Saint-Denis (93)	Dept. en IDF
#FFA500	48.945361349484	2.3269728001661	5	Seine-Saint-Denis (93)	Dept. en IDF
#FFA500	48.950965864655	2.2909694895753	5	Seine-Saint-Denis (93)	Dept. en IDF
#FFA500	48.958347222268	2.2882536989787	5	Seine-Saint-Denis (93)	Dept. en IDF
#FFA500	48.966304083093	2.2989606605183	5	Seine-Saint-Denis (93)	Dept. en IDF
#FFA500	48.96262002844	2.3061147975372	5	Seine-Saint-Denis (93)	Dept. en IDF
#FFA500	48.959659512979	2.3277204556376	5	Seine-Saint-Denis (93)	Dept. en IDF
#FFA500	48.965815537603	2.3536647251325	5	Seine-Saint-Denis (93)	Dept. en IDF
#FFA500	48.974178481395	2.3664463375656	5	Seine-Saint-Denis (93)	Dept. en IDF
#FFA500	48.970995811739	2.3845399502938	5	Seine-Saint-Denis (93)	Dept. en IDF
#FFA500	48.962558403369	2.3943172032158	5	Seine-Saint-Denis (93)	Dept. en IDF
#FFA500	48.956124752826	2.4073892851778	5	Seine-Saint-Denis (93)	Dept. en IDF
#FFA500	48.959221267075	2.427263253996	5	Seine-Saint-Denis (93)	Dept. en IDF
#FFA500	48.955049018342	2.4594885661379	5	Seine-Saint-Denis (93)	Dept. en IDF
#FFA500	48.964338344645	2.4673269472292	5	Seine-Saint-Denis (93)	Dept. en IDF
#FFA500	48.972719183153	2.4960054328348	5	Seine-Saint-Denis (93)	Dept. en IDF
#FFA500	48.97770409094	2.5004037138928	5	Seine-Saint-Denis (93)	Dept. en IDF
#FFA500	48.982255621303	2.514763879623	5	Seine-Saint-Denis (93)	Dept. en IDF
#FFA500	48.9894603436	2.5183558101117	5	Seine-Saint-Denis (93)	Dept. en IDF
#FFA500	49.005223735412	2.5322372193717	5	Seine-Saint-Denis (93)	Dept. en IDF
#FFA500	49.004873251062	2.5477767707755	5	Seine-Saint-Denis (93)	Dept. en IDF
#FFA500	49.009816202999	2.5530565519414	5	Seine-Saint-Denis (93)	Dept. en IDF
#FFA500	48.90045978209	2.3198871747441	3	Paris (75)	Dept. en IDF
#FFA500	48.902007785215	2.3851496429397	3	Paris (75)	Dept. en IDF
#FFA500	48.898444039523	2.394906293421	3	Paris (75)	Dept. en IDF
#FFA500	48.887109095072	2.3988455271816	3	Paris (75)	Dept. en IDF
#FFA500	48.872892145992	2.4132702557262	3	Paris (75)	Dept. en IDF
#FFA500	48.849233783552	2.4163411302989	3	Paris (75)	Dept. en IDF
#FFA500	48.834538914673	2.4122456125626	3	Paris (75)	Dept. en IDF
#FFA500	48.835797660955	2.4221386362435	3	Paris (75)	Dept. en IDF
#FFA500	48.841528392473	2.4281301699852	3	Paris (75)	Dept. en IDF
#FFA500	48.844818443355	2.447699326814	3	Paris (75)	Dept. en IDF
#FFA500	48.842089485269	2.4634383121686	3	Paris (75)	Dept. en IDF
#FFA500	48.833133318793	2.4675819883673	3	Paris (75)	Dept. en IDF
#FFA500	48.819059770564	2.4626960627524	3	Paris (75)	Dept. en IDF
#FFA500	48.818232447877	2.4384475102742	3	Paris (75)	Dept. en IDF
#FFA500	48.827615470779	2.406031823401	3	Paris (75)	Dept. en IDF
#FFA500	48.826078980076	2.3909392530738	3	Paris (75)	Dept. en IDF
#FFA500	48.816314210034	2.363946550191	3	Paris (75)	Dept. en IDF
#FFA500	48.817010929642	2.3318980606376	3	Paris (75)	Dept. en IDF
#FFA500	48.82714160912	2.2921959226619	3	Paris (75)	Dept. en IDF
#FFA500	48.832489952145	2.2790519306533	3	Paris (75)	Dept. en IDF
#FFA500	48.827920084226	2.2727931901868	3	Paris (75)	Dept. en IDF
#FFA500	48.834809549369	2.2551442384175	3	Paris (75)	Dept. en IDF
#FFA500	48.845554851211	2.2506124417162	3	Paris (75)	Dept. en IDF
#FFA500	48.853516917557	2.2242191058804	3	Paris (75)	Dept. en IDF
#FFA500	48.86906858161	2.2317363597469	3	Paris (75)	Dept. en IDF
#FFA500	48.880387263086	2.2584671711142	3	Paris (75)	Dept. en IDF
#FFA500	48.877968320853	2.2774870298138	3	Paris (75)	Dept. en IDF
#FFA500	48.8894718708	2.2915068524977	3	Paris (75)	Dept. en IDF
#FFA500	48.90045978209	2.3198871747441	3	Paris (75)	Dept. en IDF
#FFA500	48.908679329899	2.2005910092695	8	Yvelines (78)	Dept. en IDF
#FFA500	48.900349435762	2.1765183808683	8	Yvelines (78)	Dept. en IDF
#FFA500	48.894417281801	2.1677833601069	8	Yvelines (78)	Dept. en IDF
#FFA500	48.873338063287	2.1528705339192	8	Yvelines (78)	Dept. en IDF
#FFA500	48.848852456588	2.1532113486874	8	Yvelines (78)	Dept. en IDF
#FFA500	48.836022751826	2.1458760215967	8	Yvelines (78)	Dept. en IDF
#FFA500	48.817021316976	2.1515805126399	8	Yvelines (78)	Dept. en IDF
#FFA500	48.813043649008	2.1605570086469	8	Yvelines (78)	Dept. en IDF
#FFA500	48.813808667803	2.1766702709493	8	Yvelines (78)	Dept. en IDF
#FFA500	48.797237542236	2.1836952927536	8	Yvelines (78)	Dept. en IDF
#FFA500	48.798400652391	2.2026391702069	8	Yvelines (78)	Dept. en IDF
#FFA500	48.788138691837	2.2115088216259	8	Yvelines (78)	Dept. en IDF
#FFA500	48.785943206962	2.223319655228	8	Yvelines (78)	Dept. en IDF
#FFA500	48.776101996393	2.2265538842831	8	Yvelines (78)	Dept. en IDF
#FFA500	48.769192527247	2.2099186754479	8	Yvelines (78)	Dept. en IDF
#FFA500	48.775122277406	2.1910712604347	8	Yvelines (78)	Dept. en IDF
#FFA500	48.763285114137	2.192317263511	8	Yvelines (78)	Dept. en IDF
#FFA500	48.757574558863	2.1820123672797	8	Yvelines (78)	Dept. en IDF
#FFA500	48.756836536461	2.1680122718546	8	Yvelines (78)	Dept. en IDF
#FFA500	48.752014252613	2.1605126243942	8	Yvelines (78)	Dept. en IDF
#FFA500	48.753710336104	2.1506777536849	8	Yvelines (78)	Dept. en IDF
#FFA500	48.74615342302	2.1384211955586	8	Yvelines (78)	Dept. en IDF
#FFA500	48.737136538566	2.1349745033773	8	Yvelines (78)	Dept. en IDF
#FFA500	48.73955835886	2.1118838344903	8	Yvelines (78)	Dept. en IDF
#FFA500	48.73436321985	2.0979976816391	8	Yvelines (78)	Dept. en IDF
#FFA500	48.724231347633	2.111168267855	8	Yvelines (78)	Dept. en IDF
#FFA500	48.71437841267	2.1103286614936	8	Yvelines (78)	Dept. en IDF
#FFA500	48.702748042418	2.0969343192737	8	Yvelines (78)	Dept. en IDF
#FFA500	48.694030740642	2.0978580418958	8	Yvelines (78)	Dept. en IDF
#FFA500	48.692525773326	2.0857970428575	8	Yvelines (78)	Dept. en IDF
#FFA500	48.68585446348	2.0822157938708	8	Yvelines (78)	Dept. en IDF
#FFA500	48.68756805233	2.0456604451446	8	Yvelines (78)	Dept. en IDF
#FFA500	48.680219226712	2.0376361003153	8	Yvelines (78)	Dept. en IDF
#FFA500	48.664236731798	2.0290327276387	8	Yvelines (78)	Dept. en IDF
#FFA500	48.657259334271	2.0281927750027	8	Yvelines (78)	Dept. en IDF
#FFA500	48.659775158953	2.0112162167678	8	Yvelines (78)	Dept. en IDF
#FFA500	48.647690003816	2.0129881452639	8	Yvelines (78)	Dept. en IDF
#FFA500	48.642090643692	2.0200083770792	8	Yvelines (78)	Dept. en IDF
#FFA500	48.641907744749	2.0359612070725	8	Yvelines (78)	Dept. en IDF
#FFA500	48.632456487516	2.034456506865	8	Yvelines (78)	Dept. en IDF
#FFA500	48.622732498273	2.0458818260422	8	Yvelines (78)	Dept. en IDF
#FFA500	48.617597733568	2.0602471726215	8	Yvelines (78)	Dept. en IDF
#FFA500	48.608729666136	2.0546695680501	8	Yvelines (78)	Dept. en IDF
#FFA500	48.603502290966	2.0345020728388	8	Yvelines (78)	Dept. en IDF
#FFA500	48.590748476784	2.0361244190883	8	Yvelines (78)	Dept. en IDF
#FFA500	48.569459551945	2.017226962458	8	Yvelines (78)	Dept. en IDF
#FFA500	48.557593755935	2.0175700627197	8	Yvelines (78)	Dept. en IDF
#FFA500	48.555387687139	1.999843911355	8	Yvelines (78)	Dept. en IDF
#FFA500	48.555550526577	1.9818197824217	8	Yvelines (78)	Dept. en IDF
#FFA500	48.560481876073	1.9630289819786	8	Yvelines (78)	Dept. en IDF
#FFA500	48.559466252882	1.9527665939994	8	Yvelines (78)	Dept. en IDF
#FFA500	48.562926567593	1.9378900456787	8	Yvelines (78)	Dept. en IDF
#FFA500	48.548106841763	1.9340616493117	8	Yvelines (78)	Dept. en IDF
#FFA500	48.533067716836	1.9674208443859	8	Yvelines (78)	Dept. en IDF
#FFA500	48.523736261273	1.9532944656762	8	Yvelines (78)	Dept. en IDF
#FFA500	48.500865304824	1.9368069560798	8	Yvelines (78)	Dept. en IDF
#FFA500	48.482145535364	1.9333793220099	8	Yvelines (78)	Dept. en IDF
#FFA500	48.473854999246	1.9149199821626	8	Yvelines (78)	Dept. en IDF
#FFA500	48.464861099393	1.9163409812792	8	Yvelines (78)	Dept. en IDF
#FFA500	48.457599361977	1.9221462784913	8	Yvelines (78)	Dept. en IDF
#FFA500	48.447750046159	1.9207376717625	8	Yvelines (78)	Dept. en IDF
#FFA500	48.445672344539	1.9065549813045	8	Yvelines (78)	Dept. en IDF
#FFA500	48.440146719021	1.9064076592587	8	Yvelines (78)	Dept. en IDF
#FFA500	48.440613561663	1.8774887068591	8	Yvelines (78)	Dept. en IDF
#FFA500	48.449360706547	1.8448630603718	8	Yvelines (78)	Dept. en IDF
#FFA500	48.466477806902	1.8363839553347	8	Yvelines (78)	Dept. en IDF
#FFA500	48.466086215218	1.8014512893542	8	Yvelines (78)	Dept. en IDF
#FFA500	48.484187938277	1.7963309289573	8	Yvelines (78)	Dept. en IDF
#FFA500	48.489936911612	1.7857092863217	8	Yvelines (78)	Dept. en IDF
#FFA500	48.497377315443	1.7906352036641	8	Yvelines (78)	Dept. en IDF
#FFA500	48.508131705459	1.7786170432038	8	Yvelines (78)	Dept. en IDF
#FFA500	48.527702827198	1.7757543018107	8	Yvelines (78)	Dept. en IDF
#FFA500	48.553746336139	1.7872423006556	8	Yvelines (78)	Dept. en IDF
#FFA500	48.559405546059	1.7674104287362	8	Yvelines (78)	Dept. en IDF
#FFA500	48.569374568412	1.765322855183	8	Yvelines (78)	Dept. en IDF
#FFA500	48.576137031624	1.7458629248393	8	Yvelines (78)	Dept. en IDF
#FFA500	48.572280930629	1.7368302606076	8	Yvelines (78)	Dept. en IDF
#FFA500	48.578026100992	1.7092486767776	8	Yvelines (78)	Dept. en IDF
#FFA500	48.584999462088	1.701983609829	8	Yvelines (78)	Dept. en IDF
#FFA500	48.606851120102	1.7178604312421	8	Yvelines (78)	Dept. en IDF
#FFA500	48.614392276576	1.7148984609516	8	Yvelines (78)	Dept. en IDF
#FFA500	48.611536250362	1.689422105099	8	Yvelines (78)	Dept. en IDF
#FFA500	48.618488989615	1.6793591385148	8	Yvelines (78)	Dept. en IDF
#FFA500	48.613704063337	1.6662229993646	8	Yvelines (78)	Dept. en IDF
#FFA500	48.622053121145	1.656339110342	8	Yvelines (78)	Dept. en IDF
#FFA500	48.627645882726	1.6582325680054	8	Yvelines (78)	Dept. en IDF
#FFA500	48.63227092599	1.6495606586096	8	Yvelines (78)	Dept. en IDF
#FFA500	48.638125076138	1.6515719070139	8	Yvelines (78)	Dept. en IDF
#FFA500	48.643389970225	1.64099001993	8	Yvelines (78)	Dept. en IDF
#FFA500	48.651291198129	1.6431906740267	8	Yvelines (78)	Dept. en IDF
#FFA500	48.648875085504	1.6298476379809	8	Yvelines (78)	Dept. en IDF
#FFA500	48.652789464959	1.6156160327829	8	Yvelines (78)	Dept. en IDF
#FFA500	48.663765432374	1.6024917313048	8	Yvelines (78)	Dept. en IDF
#FFA500	48.678762670696	1.6058633277913	8	Yvelines (78)	Dept. en IDF
#FFA500	48.689473861848	1.611774872468	8	Yvelines (78)	Dept. en IDF
#FFA500	48.696368116243	1.5823151457709	8	Yvelines (78)	Dept. en IDF
#FFA500	48.701811808781	1.5795403954022	8	Yvelines (78)	Dept. en IDF
#FFA500	48.709310708948	1.5948810579854	8	Yvelines (78)	Dept. en IDF
#FFA500	48.712468154974	1.5895382120501	8	Yvelines (78)	Dept. en IDF
#FFA500	48.735942039093	1.617804540369	8	Yvelines (78)	Dept. en IDF
#FFA500	48.748091646614	1.6264035004424	8	Yvelines (78)	Dept. en IDF
#FFA500	48.760486506237	1.6026875153092	8	Yvelines (78)	Dept. en IDF
#FFA500	48.763296867942	1.5849045861802	8	Yvelines (78)	Dept. en IDF
#FFA500	48.77360593191	1.5875973267999	8	Yvelines (78)	Dept. en IDF
#FFA500	48.777559499888	1.5803992974877	8	Yvelines (78)	Dept. en IDF
#FFA500	48.790504096814	1.5756742997058	8	Yvelines (78)	Dept. en IDF
#FFA500	48.807168828475	1.5834240899801	8	Yvelines (78)	Dept. en IDF
#FFA500	48.814866973865	1.5912058811372	8	Yvelines (78)	Dept. en IDF
#FFA500	48.832130726577	1.5837280523171	8	Yvelines (78)	Dept. en IDF
#FFA500	48.834218536506	1.5941817842602	8	Yvelines (78)	Dept. en IDF
#FFA500	48.839707334891	1.5951919881928	8	Yvelines (78)	Dept. en IDF
#FFA500	48.844358116549	1.5772727483959	8	Yvelines (78)	Dept. en IDF
#FFA500	48.854999853184	1.5815974879282	8	Yvelines (78)	Dept. en IDF
#FFA500	48.860864409827	1.5780393102494	8	Yvelines (78)	Dept. en IDF
#FFA500	48.866183647932	1.5666395741734	8	Yvelines (78)	Dept. en IDF
#FFA500	48.865075717505	1.5552126063723	8	Yvelines (78)	Dept. en IDF
#FFA500	48.872431616391	1.5462328761118	8	Yvelines (78)	Dept. en IDF
#FFA500	48.882055273516	1.5595079054893	8	Yvelines (78)	Dept. en IDF
#FFA500	48.891575743208	1.5572530066459	8	Yvelines (78)	Dept. en IDF
#FFA500	48.906685854091	1.5385235335514	8	Yvelines (78)	Dept. en IDF
#FFA500	48.91547990669	1.5417973746939	8	Yvelines (78)	Dept. en IDF
#FFA500	48.921794692396	1.5386177797921	8	Yvelines (78)	Dept. en IDF
#FFA500	48.924752145617	1.5241021875366	8	Yvelines (78)	Dept. en IDF
#FFA500	48.922585369837	1.5128954188837	8	Yvelines (78)	Dept. en IDF
#FFA500	48.936627464834	1.5090139983632	8	Yvelines (78)	Dept. en IDF
#FFA500	48.941051842112	1.5015266013113	8	Yvelines (78)	Dept. en IDF
#FFA500	48.952678048634	1.5010590902862	8	Yvelines (78)	Dept. en IDF
#FFA500	48.969344788938	1.4966058957223	8	Yvelines (78)	Dept. en IDF
#FFA500	48.976406187821	1.5155485568584	8	Yvelines (78)	Dept. en IDF
#FFA500	48.98376724437	1.5079088220123	8	Yvelines (78)	Dept. en IDF
#FFA500	48.979551284823	1.497416022081	8	Yvelines (78)	Dept. en IDF
#FFA500	48.978791319268	1.4770931932159	8	Yvelines (78)	Dept. en IDF
#FFA500	48.975306435494	1.4706099672547	8	Yvelines (78)	Dept. en IDF
#FFA500	48.986433838647	1.4609202371105	8	Yvelines (78)	Dept. en IDF
#FFA500	48.998884682872	1.4787512905862	8	Yvelines (78)	Dept. en IDF
#FFA500	49.018490972378	1.4721822976397	8	Yvelines (78)	Dept. en IDF
#FFA500	49.026294572016	1.4577570076778	8	Yvelines (78)	Dept. en IDF
#FFA500	49.03483279821	1.4579533584639	8	Yvelines (78)	Dept. en IDF
#FFA500	49.04518889808	1.4474286969633	8	Yvelines (78)	Dept. en IDF
#FFA500	49.053509472828	1.4472851104304	8	Yvelines (78)	Dept. en IDF
#FFA500	49.062739598254	1.4608012364168	8	Yvelines (78)	Dept. en IDF
#FFA500	49.0515451317	1.4848766880401	8	Yvelines (78)	Dept. en IDF
#FFA500	49.059098256736	1.5032944474047	8	Yvelines (78)	Dept. en IDF
#FFA500	49.074136193201	1.5116006058281	8	Yvelines (78)	Dept. en IDF
#FFA500	49.068546693163	1.5217716034178	8	Yvelines (78)	Dept. en IDF
#FFA500	49.072557881924	1.5494725491086	8	Yvelines (78)	Dept. en IDF
#FFA500	49.069620586462	1.5570743762242	8	Yvelines (78)	Dept. en IDF
#FFA500	49.078437534581	1.5747375500157	8	Yvelines (78)	Dept. en IDF
#FFA500	49.08303659502	1.6044866350314	8	Yvelines (78)	Dept. en IDF
#FFA500	49.077894185227	1.608798807603	8	Yvelines (78)	Dept. en IDF
#FFA500	49.071448021972	1.6141564760593	8	Yvelines (78)	Dept. en IDF
#FFA500	49.078286632616	1.6292577222733	8	Yvelines (78)	Dept. en IDF
#FFA500	49.081251769387	1.6429103427093	8	Yvelines (78)	Dept. en IDF
#FFA500	49.081089987836	1.6602322098294	8	Yvelines (78)	Dept. en IDF
#FFA500	49.078154769223	1.6736890350523	8	Yvelines (78)	Dept. en IDF
#FFA500	49.065962446366	1.6971091015472	8	Yvelines (78)	Dept. en IDF
#FFA500	49.056327234914	1.6949167927313	8	Yvelines (78)	Dept. en IDF
#FFA500	49.04903025476	1.7171010524139	8	Yvelines (78)	Dept. en IDF
#FFA500	49.044974719281	1.7234517354795	8	Yvelines (78)	Dept. en IDF
#FFA500	49.048684595888	1.7356433379106	8	Yvelines (78)	Dept. en IDF
#FFA500	49.048223015203	1.7511782974558	8	Yvelines (78)	Dept. en IDF
#FFA500	49.05410421169	1.7502240292765	8	Yvelines (78)	Dept. en IDF
#FFA500	49.063324634192	1.7596223758831	8	Yvelines (78)	Dept. en IDF
#FFA500	49.05658172354	1.7777603243167	8	Yvelines (78)	Dept. en IDF
#FFA500	49.058508218145	1.7941625055309	8	Yvelines (78)	Dept. en IDF
#FFA500	49.064555011994	1.7998422239972	8	Yvelines (78)	Dept. en IDF
#FFA500	49.072232211602	1.7965480580586	8	Yvelines (78)	Dept. en IDF
#FFA500	49.076360256056	1.8239435408566	8	Yvelines (78)	Dept. en IDF
#FFA500	49.069332222477	1.8406440398067	8	Yvelines (78)	Dept. en IDF
#FFA500	49.064654564598	1.8417831494014	8	Yvelines (78)	Dept. en IDF
#FFA500	49.05747165429	1.8654659990427	8	Yvelines (78)	Dept. en IDF
#FFA500	49.046346047943	1.8606119952712	8	Yvelines (78)	Dept. en IDF
#FFA500	49.035204042747	1.8520019385024	8	Yvelines (78)	Dept. en IDF
#FFA500	49.01823441815	1.8691165460014	8	Yvelines (78)	Dept. en IDF
#FFA500	49.019542051399	1.8818941990409	8	Yvelines (78)	Dept. en IDF
#FFA500	49.033529797441	1.8832054260904	8	Yvelines (78)	Dept. en IDF
#FFA500	49.048019307838	1.9085198609511	8	Yvelines (78)	Dept. en IDF
#FFA500	49.021772717877	1.9378008717251	8	Yvelines (78)	Dept. en IDF
#FFA500	49.024533707311	1.9549423612736	8	Yvelines (78)	Dept. en IDF
#FFA500	49.019426174588	1.974053010825	8	Yvelines (78)	Dept. en IDF
#FFA500	49.021006179043	1.9918871076265	8	Yvelines (78)	Dept. en IDF
#FFA500	49.00106609648	2.0144337197287	8	Yvelines (78)	Dept. en IDF
#FFA500	48.998756705331	2.0247730275828	8	Yvelines (78)	Dept. en IDF
#FFA500	49.003200683684	2.0498584568979	8	Yvelines (78)	Dept. en IDF
#FFA500	49.008208904929	2.0644261289366	8	Yvelines (78)	Dept. en IDF
#FFA500	49.002257622875	2.0754526810069	8	Yvelines (78)	Dept. en IDF
#FFA500	49.014674188012	2.0849108992224	8	Yvelines (78)	Dept. en IDF
#FFA500	49.008729959034	2.1102443408749	8	Yvelines (78)	Dept. en IDF
#FFA500	49.018332284915	2.1212540749308	8	Yvelines (78)	Dept. en IDF
#FFA500	49.009679391237	2.127121298296	8	Yvelines (78)	Dept. en IDF
#FFA500	48.993300321431	2.1207126382788	8	Yvelines (78)	Dept. en IDF
#FFA500	48.989140165715	2.1269716643348	8	Yvelines (78)	Dept. en IDF
#FFA500	48.985726242203	2.1549353971038	8	Yvelines (78)	Dept. en IDF
#FFA500	48.975633867858	2.1732779441741	8	Yvelines (78)	Dept. en IDF
#FFA500	48.964137829678	2.1782956060357	8	Yvelines (78)	Dept. en IDF
#FFA500	48.953158232311	2.1735533368231	8	Yvelines (78)	Dept. en IDF
#FFA500	48.949738062716	2.205861118488	8	Yvelines (78)	Dept. en IDF
#FFA500	48.94051776568	2.2060210022656	8	Yvelines (78)	Dept. en IDF
#FFA500	48.935252831528	2.1989282039477	8	Yvelines (78)	Dept. en IDF
#FFA500	48.914390956152	2.2037015884478	8	Yvelines (78)	Dept. en IDF
#FFA500	48.908679329899	2.2005910092695	8	Yvelines (78)	Dept. en IDF
#FFA500	48.950965864655	2.2909694895753	2	Hauts-de-Seine (92)	Dept. en IDF
#FFA500	48.945361349484	2.3269728001661	2	Hauts-de-Seine (92)	Dept. en IDF
#FFA500	48.940679976956	2.3355682105858	2	Hauts-de-Seine (92)	Dept. en IDF
#FFA500	48.932347933816	2.3363529889891	2	Hauts-de-Seine (92)	Dept. en IDF
#FFA500	48.915937453257	2.3198186224138	2	Hauts-de-Seine (92)	Dept. en IDF
#FFA500	48.914015216252	2.3137528853936	2	Hauts-de-Seine (92)	Dept. en IDF
#FFA500	48.90045978209	2.3198871747441	2	Hauts-de-Seine (92)	Dept. en IDF
#FFA500	48.8894718708	2.2915068524977	2	Hauts-de-Seine (92)	Dept. en IDF
#FFA500	48.877968320853	2.2774870298138	2	Hauts-de-Seine (92)	Dept. en IDF
#FFA500	48.880387263086	2.2584671711142	2	Hauts-de-Seine (92)	Dept. en IDF
#FFA500	48.86906858161	2.2317363597469	2	Hauts-de-Seine (92)	Dept. en IDF
#FFA500	48.853516917557	2.2242191058804	2	Hauts-de-Seine (92)	Dept. en IDF
#FFA500	48.845554851211	2.2506124417162	2	Hauts-de-Seine (92)	Dept. en IDF
#FFA500	48.834809549369	2.2551442384175	2	Hauts-de-Seine (92)	Dept. en IDF
#FFA500	48.827920084226	2.2727931901868	2	Hauts-de-Seine (92)	Dept. en IDF
#FFA500	48.832489952145	2.2790519306533	2	Hauts-de-Seine (92)	Dept. en IDF
#FFA500	48.82714160912	2.2921959226619	2	Hauts-de-Seine (92)	Dept. en IDF
#FFA500	48.817010929642	2.3318980606376	2	Hauts-de-Seine (92)	Dept. en IDF
#FFA500	48.787997409568	2.3186962648686	2	Hauts-de-Seine (92)	Dept. en IDF
#FFA500	48.781908297526	2.3258147798433	2	Hauts-de-Seine (92)	Dept. en IDF
#FFA500	48.75695290327	2.3102224901101	2	Hauts-de-Seine (92)	Dept. en IDF
#FFA500	48.74875804931	2.3207207141635	2	Hauts-de-Seine (92)	Dept. en IDF
#FFA500	48.730280485815	2.3132939902039	2	Hauts-de-Seine (92)	Dept. en IDF
#FFA500	48.72948996497	2.3038400608379	2	Hauts-de-Seine (92)	Dept. en IDF
#FFA500	48.738637828397	2.2983820323129	2	Hauts-de-Seine (92)	Dept. en IDF
#FFA500	48.733011078618	2.2802904545364	2	Hauts-de-Seine (92)	Dept. en IDF
#FFA500	48.740090859412	2.274821276941	2	Hauts-de-Seine (92)	Dept. en IDF
#FFA500	48.747508493238	2.2853936451259	2	Hauts-de-Seine (92)	Dept. en IDF
#FFA500	48.755288275593	2.275033240625	2	Hauts-de-Seine (92)	Dept. en IDF
#FFA500	48.761011671227	2.2593929492592	2	Hauts-de-Seine (92)	Dept. en IDF
#FFA500	48.761102963541	2.2476645497167	2	Hauts-de-Seine (92)	Dept. en IDF
#FFA500	48.766192980349	2.2329743918365	2	Hauts-de-Seine (92)	Dept. en IDF
#FFA500	48.776101996393	2.2265538842831	2	Hauts-de-Seine (92)	Dept. en IDF
#FFA500	48.785943206962	2.223319655228	2	Hauts-de-Seine (92)	Dept. en IDF
#FFA500	48.788138691837	2.2115088216259	2	Hauts-de-Seine (92)	Dept. en IDF
#FFA500	48.798400652391	2.2026391702069	2	Hauts-de-Seine (92)	Dept. en IDF
#FFA500	48.797237542236	2.1836952927536	2	Hauts-de-Seine (92)	Dept. en IDF
#FFA500	48.813808667803	2.1766702709493	2	Hauts-de-Seine (92)	Dept. en IDF
#FFA500	48.813043649008	2.1605570086469	2	Hauts-de-Seine (92)	Dept. en IDF
#FFA500	48.817021316976	2.1515805126399	2	Hauts-de-Seine (92)	Dept. en IDF
#FFA500	48.836022751826	2.1458760215967	2	Hauts-de-Seine (92)	Dept. en IDF
#FFA500	48.848852456588	2.1532113486874	2	Hauts-de-Seine (92)	Dept. en IDF
#FFA500	48.873338063287	2.1528705339192	2	Hauts-de-Seine (92)	Dept. en IDF
#FFA500	48.894417281801	2.1677833601069	2	Hauts-de-Seine (92)	Dept. en IDF
#FFA500	48.900349435762	2.1765183808683	2	Hauts-de-Seine (92)	Dept. en IDF
#FFA500	48.908679329899	2.2005910092695	2	Hauts-de-Seine (92)	Dept. en IDF
#FFA500	48.927732507513	2.231140371461	2	Hauts-de-Seine (92)	Dept. en IDF
#FFA500	48.946575058002	2.2687285425666	2	Hauts-de-Seine (92)	Dept. en IDF
#FFA500	48.950965864655	2.2909694895753	2	Hauts-de-Seine (92)	Dept. en IDF
#FFA500	48.69201676557	2.5716535034613	4	Seine-et-Marne (77)	Dept. en IDF
#FFA500	48.700368420834	2.5752212918029	4	Seine-et-Marne (77)	Dept. en IDF
#FFA500	48.707221723749	2.5688027048808	4	Seine-et-Marne (77)	Dept. en IDF
#FFA500	48.727242137595	2.5852087623188	4	Seine-et-Marne (77)	Dept. en IDF
#FFA500	48.73180600135	2.5946737376888	4	Seine-et-Marne (77)	Dept. en IDF
#FFA500	48.741487637605	2.5858204453665	4	Seine-et-Marne (77)	Dept. en IDF
#FFA500	48.753730034287	2.6023411143901	4	Seine-et-Marne (77)	Dept. en IDF
#FFA500	48.760480074814	2.5982969429908	4	Seine-et-Marne (77)	Dept. en IDF
#FFA500	48.76102540673	2.6136517425679	4	Seine-et-Marne (77)	Dept. en IDF
#FFA500	48.774401216878	2.6070020497727	4	Seine-et-Marne (77)	Dept. en IDF
#FFA500	48.77140075822	2.5919605754401	4	Seine-et-Marne (77)	Dept. en IDF
#FFA500	48.778627130829	2.5856046173972	4	Seine-et-Marne (77)	Dept. en IDF
#FFA500	48.794974135979	2.5997697108259	4	Seine-et-Marne (77)	Dept. en IDF
#FFA500	48.798135558654	2.5918208872821	4	Seine-et-Marne (77)	Dept. en IDF
#FFA500	48.807437551952	2.5922736733656	4	Seine-et-Marne (77)	Dept. en IDF
#FFA500	48.810889137262	2.5964557305467	4	Seine-et-Marne (77)	Dept. en IDF
#FFA500	48.825870860417	2.5925149932073	4	Seine-et-Marne (77)	Dept. en IDF
#FFA500	48.853385173417	2.5738417937528	4	Seine-et-Marne (77)	Dept. en IDF
#FFA500	48.857208607635	2.5831356251086	4	Seine-et-Marne (77)	Dept. en IDF
#FFA500	48.865005030869	2.5873261857605	4	Seine-et-Marne (77)	Dept. en IDF
#FFA500	48.865942675094	2.568109258403	4	Seine-et-Marne (77)	Dept. en IDF
#FFA500	48.876463404921	2.5702348571309	4	Seine-et-Marne (77)	Dept. en IDF
#FFA500	48.885336254164	2.5594064582352	4	Seine-et-Marne (77)	Dept. en IDF
#FFA500	48.888883251177	2.5626276286343	4	Seine-et-Marne (77)	Dept. en IDF
#FFA500	48.895410384217	2.5838172328399	4	Seine-et-Marne (77)	Dept. en IDF
#FFA500	48.906830121884	2.5912646006622	4	Seine-et-Marne (77)	Dept. en IDF
#FFA500	48.923361520931	2.5906912334031	4	Seine-et-Marne (77)	Dept. en IDF
#FFA500	48.929356607315	2.6025997962059	4	Seine-et-Marne (77)	Dept. en IDF
#FFA500	48.953758253881	2.5893050070876	4	Seine-et-Marne (77)	Dept. en IDF
#FFA500	48.977732430334	2.5634346213721	4	Seine-et-Marne (77)	Dept. en IDF
#FFA500	48.984984703781	2.5797962900593	4	Seine-et-Marne (77)	Dept. en IDF
#FFA500	48.991593137352	2.5803194899487	4	Seine-et-Marne (77)	Dept. en IDF
#FFA500	48.999841685023	2.5716715859606	4	Seine-et-Marne (77)	Dept. en IDF
#FFA500	49.012397786393	2.5657856607901	4	Seine-et-Marne (77)	Dept. en IDF
#FFA500	49.009816202999	2.5530565519414	4	Seine-et-Marne (77)	Dept. en IDF
#FFA500	49.014720763277	2.5490471496408	4	Seine-et-Marne (77)	Dept. en IDF
#FFA500	49.016609544367	2.5378177402082	4	Seine-et-Marne (77)	Dept. en IDF
#FFA500	49.023809402045	2.5350135962143	4	Seine-et-Marne (77)	Dept. en IDF
#FFA500	49.023448531806	2.5476478248421	4	Seine-et-Marne (77)	Dept. en IDF
#FFA500	49.030110020073	2.5662405882259	4	Seine-et-Marne (77)	Dept. en IDF
#FFA500	49.043134042541	2.573590385495	4	Seine-et-Marne (77)	Dept. en IDF
#FFA500	49.046956449876	2.5882844530991	4	Seine-et-Marne (77)	Dept. en IDF
#FFA500	49.052600876728	2.5847224172596	4	Seine-et-Marne (77)	Dept. en IDF
#FFA500	49.054149235821	2.5741880306468	4	Seine-et-Marne (77)	Dept. en IDF
#FFA500	49.059825274601	2.5715472662178	4	Seine-et-Marne (77)	Dept. en IDF
#FFA500	49.079653961607	2.5905283926735	4	Seine-et-Marne (77)	Dept. en IDF
#FFA500	49.089061593648	2.6072121818235	4	Seine-et-Marne (77)	Dept. en IDF
#FFA500	49.09494039704	2.6103345312027	4	Seine-et-Marne (77)	Dept. en IDF
#FFA500	49.095141144665	2.6205306041593	4	Seine-et-Marne (77)	Dept. en IDF
#FFA500	49.108372635105	2.6332770991263	4	Seine-et-Marne (77)	Dept. en IDF
#FFA500	49.092495236068	2.6676934960697	4	Seine-et-Marne (77)	Dept. en IDF
#FFA500	49.081070149491	2.6848013380994	4	Seine-et-Marne (77)	Dept. en IDF
#FFA500	49.072098782916	2.6921954156417	4	Seine-et-Marne (77)	Dept. en IDF
#FFA500	49.066575827238	2.6909952426863	4	Seine-et-Marne (77)	Dept. en IDF
#FFA500	49.06530744517	2.7061794650059	4	Seine-et-Marne (77)	Dept. en IDF
#FFA500	49.074886920193	2.7204862280103	4	Seine-et-Marne (77)	Dept. en IDF
#FFA500	49.069856383944	2.7324165014354	4	Seine-et-Marne (77)	Dept. en IDF
#FFA500	49.060452516659	2.7350099332564	4	Seine-et-Marne (77)	Dept. en IDF
#FFA500	49.06296236294	2.7604244593128	4	Seine-et-Marne (77)	Dept. en IDF
#FFA500	49.07527418833	2.787073783912	4	Seine-et-Marne (77)	Dept. en IDF
#FFA500	49.090226188638	2.7918697099795	4	Seine-et-Marne (77)	Dept. en IDF
#FFA500	49.097537605404	2.8090528505052	4	Seine-et-Marne (77)	Dept. en IDF
#FFA500	49.087367188293	2.8198502647929	4	Seine-et-Marne (77)	Dept. en IDF
#FFA500	49.082987383853	2.8360889289489	4	Seine-et-Marne (77)	Dept. en IDF
#FFA500	49.084656494049	2.8451483788669	4	Seine-et-Marne (77)	Dept. en IDF
#FFA500	49.070260111043	2.8557424844029	4	Seine-et-Marne (77)	Dept. en IDF
#FFA500	49.070693981918	2.8662678657136	4	Seine-et-Marne (77)	Dept. en IDF
#FFA500	49.076071279686	2.8830747436616	4	Seine-et-Marne (77)	Dept. en IDF
#FFA500	49.077063202013	2.8949485303642	4	Seine-et-Marne (77)	Dept. en IDF
#FFA500	49.085373143453	2.9015078822282	4	Seine-et-Marne (77)	Dept. en IDF
#FFA500	49.079815930085	2.9174506912143	4	Seine-et-Marne (77)	Dept. en IDF
#FFA500	49.081604590578	2.9445842533756	4	Seine-et-Marne (77)	Dept. en IDF
#FFA500	49.088974001698	2.9704735929189	4	Seine-et-Marne (77)	Dept. en IDF
#FFA500	49.074788481937	2.9747449093505	4	Seine-et-Marne (77)	Dept. en IDF
#FFA500	49.072371853401	2.9879964190903	4	Seine-et-Marne (77)	Dept. en IDF
#FFA500	49.084010529465	2.9912365557999	4	Seine-et-Marne (77)	Dept. en IDF
#FFA500	49.091506561321	3.0085155423352	4	Seine-et-Marne (77)	Dept. en IDF
#FFA500	49.085932257529	3.0295246754031	4	Seine-et-Marne (77)	Dept. en IDF
#FFA500	49.089067566229	3.0327819280137	4	Seine-et-Marne (77)	Dept. en IDF
#FFA500	49.08631637936	3.0483557770377	4	Seine-et-Marne (77)	Dept. en IDF
#FFA500	49.093990044235	3.0573553400185	4	Seine-et-Marne (77)	Dept. en IDF
#FFA500	49.101913557338	3.0563165652026	4	Seine-et-Marne (77)	Dept. en IDF
#FFA500	49.11755332218	3.0718801833502	4	Seine-et-Marne (77)	Dept. en IDF
#FFA500	49.112379413059	3.0824299640326	4	Seine-et-Marne (77)	Dept. en IDF
#FFA500	49.108665530931	3.1019450875262	4	Seine-et-Marne (77)	Dept. en IDF
#FFA500	49.106712873662	3.1288977237115	4	Seine-et-Marne (77)	Dept. en IDF
#FFA500	49.100548046274	3.1495286898189	4	Seine-et-Marne (77)	Dept. en IDF
#FFA500	49.099653555336	3.1652303376546	4	Seine-et-Marne (77)	Dept. en IDF
#FFA500	49.086717381412	3.1568687392365	4	Seine-et-Marne (77)	Dept. en IDF
#FFA500	49.080495794822	3.1586170058803	4	Seine-et-Marne (77)	Dept. en IDF
#FFA500	49.076194127358	3.1686703252618	4	Seine-et-Marne (77)	Dept. en IDF
#FFA500	49.062073630984	3.1818447950388	4	Seine-et-Marne (77)	Dept. en IDF
#FFA500	49.052356876125	3.1821650688322	4	Seine-et-Marne (77)	Dept. en IDF
#FFA500	49.046494471584	3.1902026447151	4	Seine-et-Marne (77)	Dept. en IDF
#FFA500	49.042312878135	3.181201109614	4	Seine-et-Marne (77)	Dept. en IDF
#FFA500	49.030276306398	3.1765330296567	4	Seine-et-Marne (77)	Dept. en IDF
#FFA500	49.024224133711	3.1610292917102	4	Seine-et-Marne (77)	Dept. en IDF
#FFA500	49.014125889695	3.17167852308	4	Seine-et-Marne (77)	Dept. en IDF
#FFA500	49.011250532749	3.1836516708558	4	Seine-et-Marne (77)	Dept. en IDF
#FFA500	49.000687121653	3.2071647717724	4	Seine-et-Marne (77)	Dept. en IDF
#FFA500	48.993783774365	3.209314063913	4	Seine-et-Marne (77)	Dept. en IDF
#FFA500	48.988415153607	3.2291741613167	4	Seine-et-Marne (77)	Dept. en IDF
#FFA500	48.976752849115	3.2312127851282	4	Seine-et-Marne (77)	Dept. en IDF
#FFA500	48.976835025435	3.2441973984858	4	Seine-et-Marne (77)	Dept. en IDF
#FFA500	48.972363565032	3.2518324140274	4	Seine-et-Marne (77)	Dept. en IDF
#FFA500	48.95706258101	3.2571425774493	4	Seine-et-Marne (77)	Dept. en IDF
#FFA500	48.938330226813	3.2678473977393	4	Seine-et-Marne (77)	Dept. en IDF
#FFA500	48.940530948472	3.2845265117579	4	Seine-et-Marne (77)	Dept. en IDF
#FFA500	48.948766966256	3.3047535824542	4	Seine-et-Marne (77)	Dept. en IDF
#FFA500	48.933619620679	3.3128748032908	4	Seine-et-Marne (77)	Dept. en IDF
#FFA500	48.921215462331	3.3130772332366	4	Seine-et-Marne (77)	Dept. en IDF
#FFA500	48.908707002968	3.3302940034825	4	Seine-et-Marne (77)	Dept. en IDF
#FFA500	48.915424399696	3.3441215555428	4	Seine-et-Marne (77)	Dept. en IDF
#FFA500	48.915243105496	3.3535717935992	4	Seine-et-Marne (77)	Dept. en IDF
#FFA500	48.922834212302	3.3663458595763	4	Seine-et-Marne (77)	Dept. en IDF
#FFA500	48.921684863018	3.3722055688435	4	Seine-et-Marne (77)	Dept. en IDF
#FFA500	48.907223979388	3.3755045418202	4	Seine-et-Marne (77)	Dept. en IDF
#FFA500	48.893887842681	3.3690076856012	4	Seine-et-Marne (77)	Dept. en IDF
#FFA500	48.888743663179	3.3828118491401	4	Seine-et-Marne (77)	Dept. en IDF
#FFA500	48.874760520568	3.3804785922907	4	Seine-et-Marne (77)	Dept. en IDF
#FFA500	48.871208088242	3.3897420595655	4	Seine-et-Marne (77)	Dept. en IDF
#FFA500	48.875883179755	3.4058488876005	4	Seine-et-Marne (77)	Dept. en IDF
#FFA500	48.864690111949	3.4032208419263	4	Seine-et-Marne (77)	Dept. en IDF
#FFA500	48.863949992871	3.4209735309142	4	Seine-et-Marne (77)	Dept. en IDF
#FFA500	48.856295042236	3.4522351731222	4	Seine-et-Marne (77)	Dept. en IDF
#FFA500	48.843227318178	3.4453621334286	4	Seine-et-Marne (77)	Dept. en IDF
#FFA500	48.837795469902	3.4619058634763	4	Seine-et-Marne (77)	Dept. en IDF
#FFA500	48.850999590899	3.4704665824993	4	Seine-et-Marne (77)	Dept. en IDF
#FFA500	48.851910309574	3.4851833721947	4	Seine-et-Marne (77)	Dept. en IDF
#FFA500	48.839868156733	3.4895742506519	4	Seine-et-Marne (77)	Dept. en IDF
#FFA500	48.825009748881	3.4849684486637	4	Seine-et-Marne (77)	Dept. en IDF
#FFA500	48.815190371551	3.4872017702391	4	Seine-et-Marne (77)	Dept. en IDF
#FFA500	48.81218578416	3.4809287140503	4	Seine-et-Marne (77)	Dept. en IDF
#FFA500	48.8208976637	3.4703815627087	4	Seine-et-Marne (77)	Dept. en IDF
#FFA500	48.813840024336	3.4544121814945	4	Seine-et-Marne (77)	Dept. en IDF
#FFA500	48.812257770946	3.4321664968613	4	Seine-et-Marne (77)	Dept. en IDF
#FFA500	48.817828781451	3.4166176467147	4	Seine-et-Marne (77)	Dept. en IDF
#FFA500	48.80927626878	3.4041649646308	4	Seine-et-Marne (77)	Dept. en IDF
#FFA500	48.803943061752	3.4104778884203	4	Seine-et-Marne (77)	Dept. en IDF
#FFA500	48.800919300185	3.4412895824977	4	Seine-et-Marne (77)	Dept. en IDF
#FFA500	48.784353883555	3.442160723333	4	Seine-et-Marne (77)	Dept. en IDF
#FFA500	48.77948500421	3.4282111529646	4	Seine-et-Marne (77)	Dept. en IDF
#FFA500	48.783835572028	3.4094228096892	4	Seine-et-Marne (77)	Dept. en IDF
#FFA500	48.767256400859	3.4008409030783	4	Seine-et-Marne (77)	Dept. en IDF
#FFA500	48.755599281994	3.398657955437	4	Seine-et-Marne (77)	Dept. en IDF
#FFA500	48.753902050854	3.4129613380945	4	Seine-et-Marne (77)	Dept. en IDF
#FFA500	48.755689536249	3.4256695187547	4	Seine-et-Marne (77)	Dept. en IDF
#FFA500	48.753571711386	3.4358103469779	4	Seine-et-Marne (77)	Dept. en IDF
#FFA500	48.738701946832	3.440606129229	4	Seine-et-Marne (77)	Dept. en IDF
#FFA500	48.735224220894	3.4674670222781	4	Seine-et-Marne (77)	Dept. en IDF
#FFA500	48.707378088042	3.4643082791983	4	Seine-et-Marne (77)	Dept. en IDF
#FFA500	48.699355347111	3.4769690535178	4	Seine-et-Marne (77)	Dept. en IDF
#FFA500	48.68619250912	3.4658318000834	4	Seine-et-Marne (77)	Dept. en IDF
#FFA500	48.682119139778	3.4545564374114	4	Seine-et-Marne (77)	Dept. en IDF
#FFA500	48.672503410154	3.442691260176	4	Seine-et-Marne (77)	Dept. en IDF
#FFA500	48.66307286353	3.4408489379625	4	Seine-et-Marne (77)	Dept. en IDF
#FFA500	48.653009078358	3.4604317354595	4	Seine-et-Marne (77)	Dept. en IDF
#FFA500	48.633955984329	3.4531162175594	4	Seine-et-Marne (77)	Dept. en IDF
#FFA500	48.637329365265	3.4765733783329	4	Seine-et-Marne (77)	Dept. en IDF
#FFA500	48.644795887875	3.4881941587649	4	Seine-et-Marne (77)	Dept. en IDF
#FFA500	48.645682506087	3.5031842529874	4	Seine-et-Marne (77)	Dept. en IDF
#FFA500	48.643365240313	3.517498400146	4	Seine-et-Marne (77)	Dept. en IDF
#FFA500	48.633470112339	3.5190643678345	4	Seine-et-Marne (77)	Dept. en IDF
#FFA500	48.62806547987	3.54590310832	4	Seine-et-Marne (77)	Dept. en IDF
#FFA500	48.620285576065	3.555613758785	4	Seine-et-Marne (77)	Dept. en IDF
#FFA500	48.61035282902	3.5346181421224	4	Seine-et-Marne (77)	Dept. en IDF
#FFA500	48.604807329745	3.5038548704771	4	Seine-et-Marne (77)	Dept. en IDF
#FFA500	48.589782150903	3.5158639136582	4	Seine-et-Marne (77)	Dept. en IDF
#FFA500	48.589954752513	3.4975057114927	4	Seine-et-Marne (77)	Dept. en IDF
#FFA500	48.580426868353	3.4852747034173	4	Seine-et-Marne (77)	Dept. en IDF
#FFA500	48.576873863934	3.4733827141903	4	Seine-et-Marne (77)	Dept. en IDF
#FFA500	48.570484758136	3.4655215727904	4	Seine-et-Marne (77)	Dept. en IDF
#FFA500	48.564913176785	3.4722961348839	4	Seine-et-Marne (77)	Dept. en IDF
#FFA500	48.550623337178	3.4797700428722	4	Seine-et-Marne (77)	Dept. en IDF
#FFA500	48.544709319952	3.4796007670225	4	Seine-et-Marne (77)	Dept. en IDF
#FFA500	48.530740265696	3.4591848626137	4	Seine-et-Marne (77)	Dept. en IDF
#FFA500	48.52833381057	3.4382278519026	4	Seine-et-Marne (77)	Dept. en IDF
#FFA500	48.533559074894	3.4234477695307	4	Seine-et-Marne (77)	Dept. en IDF
#FFA500	48.533468273095	3.4142391071512	4	Seine-et-Marne (77)	Dept. en IDF
#FFA500	48.528014902933	3.4053967325678	4	Seine-et-Marne (77)	Dept. en IDF
#FFA500	48.514360214193	3.4239142947726	4	Seine-et-Marne (77)	Dept. en IDF
#FFA500	48.490251682592	3.4346387383078	4	Seine-et-Marne (77)	Dept. en IDF
#FFA500	48.491547248944	3.4203545971629	4	Seine-et-Marne (77)	Dept. en IDF
#FFA500	48.480409204068	3.3883584814447	4	Seine-et-Marne (77)	Dept. en IDF
#FFA500	48.463728690957	3.3964392758484	4	Seine-et-Marne (77)	Dept. en IDF
#FFA500	48.45245201333	3.4064837519344	4	Seine-et-Marne (77)	Dept. en IDF
#FFA500	48.438738834692	3.40356672054	4	Seine-et-Marne (77)	Dept. en IDF
#FFA500	48.434567766893	3.3969885214937	4	Seine-et-Marne (77)	Dept. en IDF
#FFA500	48.424317659764	3.3919585015834	4	Seine-et-Marne (77)	Dept. en IDF
#FFA500	48.421315638566	3.4118359218741	4	Seine-et-Marne (77)	Dept. en IDF
#FFA500	48.414339744235	3.4136232739227	4	Seine-et-Marne (77)	Dept. en IDF
#FFA500	48.413341016525	3.4220792964886	4	Seine-et-Marne (77)	Dept. en IDF
#FFA500	48.390268550005	3.4147888224632	4	Seine-et-Marne (77)	Dept. en IDF
#FFA500	48.389706108674	3.4020328168494	4	Seine-et-Marne (77)	Dept. en IDF
#FFA500	48.39970411104	3.3833174045242	4	Seine-et-Marne (77)	Dept. en IDF
#FFA500	48.394317453742	3.3672130286667	4	Seine-et-Marne (77)	Dept. en IDF
#FFA500	48.382576787133	3.3627847824483	4	Seine-et-Marne (77)	Dept. en IDF
#FFA500	48.372282482296	3.3651606301927	4	Seine-et-Marne (77)	Dept. en IDF
#FFA500	48.372120787109	3.3301099431753	4	Seine-et-Marne (77)	Dept. en IDF
#FFA500	48.376980286994	3.3093216217612	4	Seine-et-Marne (77)	Dept. en IDF
#FFA500	48.372876819681	3.3051586355523	4	Seine-et-Marne (77)	Dept. en IDF
#FFA500	48.377519839785	3.2823921646024	4	Seine-et-Marne (77)	Dept. en IDF
#FFA500	48.374621237382	3.2647767822592	4	Seine-et-Marne (77)	Dept. en IDF
#FFA500	48.36502005161	3.254386262298	4	Seine-et-Marne (77)	Dept. en IDF
#FFA500	48.370332895515	3.2328491246009	4	Seine-et-Marne (77)	Dept. en IDF
#FFA500	48.364015470529	3.2018505500023	4	Seine-et-Marne (77)	Dept. en IDF
#FFA500	48.368130335436	3.184946555144	4	Seine-et-Marne (77)	Dept. en IDF
#FFA500	48.375720974057	3.1796714598679	4	Seine-et-Marne (77)	Dept. en IDF
#FFA500	48.371858146235	3.1677335139977	4	Seine-et-Marne (77)	Dept. en IDF
#FFA500	48.372599662445	3.1398647131279	4	Seine-et-Marne (77)	Dept. en IDF
#FFA500	48.366787852825	3.1182555596676	4	Seine-et-Marne (77)	Dept. en IDF
#FFA500	48.349510589018	3.1034153439925	4	Seine-et-Marne (77)	Dept. en IDF
#FFA500	48.358744110403	3.0878411046476	4	Seine-et-Marne (77)	Dept. en IDF
#FFA500	48.357442256262	3.0605482162395	4	Seine-et-Marne (77)	Dept. en IDF
#FFA500	48.360116755131	3.0495229427782	4	Seine-et-Marne (77)	Dept. en IDF
#FFA500	48.343151149375	3.0374902381586	4	Seine-et-Marne (77)	Dept. en IDF
#FFA500	48.326028248436	3.0365741164856	4	Seine-et-Marne (77)	Dept. en IDF
#FFA500	48.307897241414	3.0158983096866	4	Seine-et-Marne (77)	Dept. en IDF
#FFA500	48.300368070976	3.0272557445779	4	Seine-et-Marne (77)	Dept. en IDF
#FFA500	48.293439730003	3.0204148507047	4	Seine-et-Marne (77)	Dept. en IDF
#FFA500	48.285841287403	3.0297705668286	4	Seine-et-Marne (77)	Dept. en IDF
#FFA500	48.27600913901	3.0249639004196	4	Seine-et-Marne (77)	Dept. en IDF
#FFA500	48.272020556142	3.0436326434308	4	Seine-et-Marne (77)	Dept. en IDF
#FFA500	48.249696163103	3.047565503762	4	Seine-et-Marne (77)	Dept. en IDF
#FFA500	48.248879164003	3.0314619630164	4	Seine-et-Marne (77)	Dept. en IDF
#FFA500	48.235192866522	3.0185660113854	4	Seine-et-Marne (77)	Dept. en IDF
#FFA500	48.231774581507	3.0189243879447	4	Seine-et-Marne (77)	Dept. en IDF
#FFA500	48.207665501246	3.0051596957479	4	Seine-et-Marne (77)	Dept. en IDF
#FFA500	48.209014778073	2.9889655342085	4	Seine-et-Marne (77)	Dept. en IDF
#FFA500	48.205550154363	2.9744704228122	4	Seine-et-Marne (77)	Dept. en IDF
#FFA500	48.193835497978	2.9695465243882	4	Seine-et-Marne (77)	Dept. en IDF
#FFA500	48.190202971569	2.9507427471906	4	Seine-et-Marne (77)	Dept. en IDF
#FFA500	48.178820824383	2.9347445709406	4	Seine-et-Marne (77)	Dept. en IDF
#FFA500	48.163391744884	2.9363157566366	4	Seine-et-Marne (77)	Dept. en IDF
#FFA500	48.156437148324	2.8680328112418	4	Seine-et-Marne (77)	Dept. en IDF
#FFA500	48.147350198136	2.8590064128033	4	Seine-et-Marne (77)	Dept. en IDF
#FFA500	48.137851473794	2.8411949308256	4	Seine-et-Marne (77)	Dept. en IDF
#FFA500	48.133557427837	2.8252530440464	4	Seine-et-Marne (77)	Dept. en IDF
#FFA500	48.129664483454	2.8208840113898	4	Seine-et-Marne (77)	Dept. en IDF
#FFA500	48.133251589253	2.800901925208	4	Seine-et-Marne (77)	Dept. en IDF
#FFA500	48.150165448323	2.7986329461926	4	Seine-et-Marne (77)	Dept. en IDF
#FFA500	48.161299706681	2.8099458960087	4	Seine-et-Marne (77)	Dept. en IDF
#FFA500	48.168273053171	2.7989459318842	4	Seine-et-Marne (77)	Dept. en IDF
#FFA500	48.167546718776	2.7801683123181	4	Seine-et-Marne (77)	Dept. en IDF
#FFA500	48.163611325806	2.7686108994112	4	Seine-et-Marne (77)	Dept. en IDF
#FFA500	48.163802955575	2.7462653547317	4	Seine-et-Marne (77)	Dept. en IDF
#FFA500	48.159773038474	2.7414632024764	4	Seine-et-Marne (77)	Dept. en IDF
#FFA500	48.15321134405	2.7535738017345	4	Seine-et-Marne (77)	Dept. en IDF
#FFA500	48.145652570311	2.7551942761197	4	Seine-et-Marne (77)	Dept. en IDF
#FFA500	48.139089867843	2.7291489796899	4	Seine-et-Marne (77)	Dept. en IDF
#FFA500	48.124819235783	2.706543037587	4	Seine-et-Marne (77)	Dept. en IDF
#FFA500	48.124202437622	2.6722231385896	4	Seine-et-Marne (77)	Dept. en IDF
#FFA500	48.122204261229	2.6634137701321	4	Seine-et-Marne (77)	Dept. en IDF
#FFA500	48.136008390021	2.6463713950461	4	Seine-et-Marne (77)	Dept. en IDF
#FFA500	48.138858805822	2.6397379446435	4	Seine-et-Marne (77)	Dept. en IDF
#FFA500	48.131484417095	2.6026896280919	4	Seine-et-Marne (77)	Dept. en IDF
#FFA500	48.132078323329	2.5775724874953	4	Seine-et-Marne (77)	Dept. en IDF
#FFA500	48.140815681604	2.570559954027	4	Seine-et-Marne (77)	Dept. en IDF
#FFA500	48.140650823762	2.5381145999136	4	Seine-et-Marne (77)	Dept. en IDF
#FFA500	48.127298388836	2.5215119811805	4	Seine-et-Marne (77)	Dept. en IDF
#FFA500	48.126606179474	2.4903125823631	4	Seine-et-Marne (77)	Dept. en IDF
#FFA500	48.129109351924	2.4648664700171	4	Seine-et-Marne (77)	Dept. en IDF
#FFA500	48.123458807719	2.4510870610062	4	Seine-et-Marne (77)	Dept. en IDF
#FFA500	48.131467936811	2.4442532323658	4	Seine-et-Marne (77)	Dept. en IDF
#FFA500	48.13581808329	2.4560832798883	4	Seine-et-Marne (77)	Dept. en IDF
#FFA500	48.156743847	2.4783726996912	4	Seine-et-Marne (77)	Dept. en IDF
#FFA500	48.164516406945	2.4832322969696	4	Seine-et-Marne (77)	Dept. en IDF
#FFA500	48.156437563961	2.5063243383023	4	Seine-et-Marne (77)	Dept. en IDF
#FFA500	48.166807571121	2.5168430223759	4	Seine-et-Marne (77)	Dept. en IDF
#FFA500	48.177877699501	2.5097551291606	4	Seine-et-Marne (77)	Dept. en IDF
#FFA500	48.192979126229	2.5129645377339	4	Seine-et-Marne (77)	Dept. en IDF
#FFA500	48.200517077101	2.5229439829919	4	Seine-et-Marne (77)	Dept. en IDF
#FFA500	48.214377652405	2.5141133764865	4	Seine-et-Marne (77)	Dept. en IDF
#FFA500	48.238532108957	2.5061863934974	4	Seine-et-Marne (77)	Dept. en IDF
#FFA500	48.240104494021	2.4866525872998	4	Seine-et-Marne (77)	Dept. en IDF
#FFA500	48.255276432625	2.4690928288345	4	Seine-et-Marne (77)	Dept. en IDF
#FFA500	48.250036886561	2.4501643446939	4	Seine-et-Marne (77)	Dept. en IDF
#FFA500	48.255142430662	2.4319323869166	4	Seine-et-Marne (77)	Dept. en IDF
#FFA500	48.260296420297	2.4237621901031	4	Seine-et-Marne (77)	Dept. en IDF
#FFA500	48.278395078542	2.4178314142956	4	Seine-et-Marne (77)	Dept. en IDF
#FFA500	48.289315551296	2.4231698173532	4	Seine-et-Marne (77)	Dept. en IDF
#FFA500	48.299253278858	2.4207604700518	4	Seine-et-Marne (77)	Dept. en IDF
#FFA500	48.314593139765	2.4048123966273	4	Seine-et-Marne (77)	Dept. en IDF
#FFA500	48.320717653248	2.4026629385658	4	Seine-et-Marne (77)	Dept. en IDF
#FFA500	48.330904514522	2.3936432426131	4	Seine-et-Marne (77)	Dept. en IDF
#FFA500	48.336276224436	2.3931765378081	4	Seine-et-Marne (77)	Dept. en IDF
#FFA500	48.337245759129	2.4255757157654	4	Seine-et-Marne (77)	Dept. en IDF
#FFA500	48.353601096257	2.4353486081157	4	Seine-et-Marne (77)	Dept. en IDF
#FFA500	48.362012190971	2.4298336175359	4	Seine-et-Marne (77)	Dept. en IDF
#FFA500	48.374939569978	2.4514612247762	4	Seine-et-Marne (77)	Dept. en IDF
#FFA500	48.376449111258	2.4692109816408	4	Seine-et-Marne (77)	Dept. en IDF
#FFA500	48.3845692019	2.4831342533299	4	Seine-et-Marne (77)	Dept. en IDF
#FFA500	48.390477944369	2.4738364829183	4	Seine-et-Marne (77)	Dept. en IDF
#FFA500	48.395570153778	2.482624887353	4	Seine-et-Marne (77)	Dept. en IDF
#FFA500	48.392912777413	2.5028806697968	4	Seine-et-Marne (77)	Dept. en IDF
#FFA500	48.404932194382	2.5216189750667	4	Seine-et-Marne (77)	Dept. en IDF
#FFA500	48.404237036735	2.5345790748515	4	Seine-et-Marne (77)	Dept. en IDF
#FFA500	48.411251130404	2.5337277804202	4	Seine-et-Marne (77)	Dept. en IDF
#FFA500	48.427459754888	2.5173761430247	4	Seine-et-Marne (77)	Dept. en IDF
#FFA500	48.429542119039	2.507657612825	4	Seine-et-Marne (77)	Dept. en IDF
#FFA500	48.439445122154	2.5047511155697	4	Seine-et-Marne (77)	Dept. en IDF
#FFA500	48.461154873319	2.5059355570193	4	Seine-et-Marne (77)	Dept. en IDF
#FFA500	48.484768503419	2.5018876471506	4	Seine-et-Marne (77)	Dept. en IDF
#FFA500	48.488378773705	2.51013182468	4	Seine-et-Marne (77)	Dept. en IDF
#FFA500	48.504445668033	2.5153562670148	4	Seine-et-Marne (77)	Dept. en IDF
#FFA500	48.508140380735	2.5090104505562	4	Seine-et-Marne (77)	Dept. en IDF
#FFA500	48.525234550232	2.4995247172499	4	Seine-et-Marne (77)	Dept. en IDF
#FFA500	48.543116722691	2.5108180265073	4	Seine-et-Marne (77)	Dept. en IDF
#FFA500	48.546173070367	2.5009750387696	4	Seine-et-Marne (77)	Dept. en IDF
#FFA500	48.558215669745	2.5135771377389	4	Seine-et-Marne (77)	Dept. en IDF
#FFA500	48.573224776701	2.5217689565415	4	Seine-et-Marne (77)	Dept. en IDF
#FFA500	48.58325330677	2.5182811370135	4	Seine-et-Marne (77)	Dept. en IDF
#FFA500	48.589171157103	2.5333428613649	4	Seine-et-Marne (77)	Dept. en IDF
#FFA500	48.595495914424	2.5407668344973	4	Seine-et-Marne (77)	Dept. en IDF
#FFA500	48.603850686248	2.5437805754235	4	Seine-et-Marne (77)	Dept. en IDF
#FFA500	48.611406555087	2.5406937585523	4	Seine-et-Marne (77)	Dept. en IDF
#FFA500	48.613103319179	2.5258420647199	4	Seine-et-Marne (77)	Dept. en IDF
#FFA500	48.621417058075	2.5268345542116	4	Seine-et-Marne (77)	Dept. en IDF
#FFA500	48.627093611305	2.5182318429154	4	Seine-et-Marne (77)	Dept. en IDF
#FFA500	48.633371245833	2.527421313864	4	Seine-et-Marne (77)	Dept. en IDF
#FFA500	48.635473450172	2.5424110527051	4	Seine-et-Marne (77)	Dept. en IDF
#FFA500	48.651544369478	2.5411152047382	4	Seine-et-Marne (77)	Dept. en IDF
#FFA500	48.657334981367	2.5336146170614	4	Seine-et-Marne (77)	Dept. en IDF
#FFA500	48.67118451862	2.5448201812671	4	Seine-et-Marne (77)	Dept. en IDF
#FFA500	48.672390641128	2.5594038933391	4	Seine-et-Marne (77)	Dept. en IDF
#FFA500	48.679395351685	2.5853737107586	4	Seine-et-Marne (77)	Dept. en IDF
#FFA500	48.690249491839	2.5787732945151	4	Seine-et-Marne (77)	Dept. en IDF
#FFA500	48.69201676557	2.5716535034613	4	Seine-et-Marne (77)	Dept. en IDF
#FFA500	48.817010929642	2.3318980606376	7	Val-de-Marne (94)	Dept. en IDF
#FFA500	48.816314210034	2.363946550191	7	Val-de-Marne (94)	Dept. en IDF
#FFA500	48.826078980076	2.3909392530738	7	Val-de-Marne (94)	Dept. en IDF
#FFA500	48.827615470779	2.406031823401	7	Val-de-Marne (94)	Dept. en IDF
#FFA500	48.818232447877	2.4384475102742	7	Val-de-Marne (94)	Dept. en IDF
#FFA500	48.819059770564	2.4626960627524	7	Val-de-Marne (94)	Dept. en IDF
#FFA500	48.833133318793	2.4675819883673	7	Val-de-Marne (94)	Dept. en IDF
#FFA500	48.842089485269	2.4634383121686	7	Val-de-Marne (94)	Dept. en IDF
#FFA500	48.844818443355	2.447699326814	7	Val-de-Marne (94)	Dept. en IDF
#FFA500	48.841528392473	2.4281301699852	7	Val-de-Marne (94)	Dept. en IDF
#FFA500	48.835797660955	2.4221386362435	7	Val-de-Marne (94)	Dept. en IDF
#FFA500	48.834538914673	2.4122456125626	7	Val-de-Marne (94)	Dept. en IDF
#FFA500	48.849233783552	2.4163411302989	7	Val-de-Marne (94)	Dept. en IDF
#FFA500	48.852094875028	2.4476549109644	7	Val-de-Marne (94)	Dept. en IDF
#FFA500	48.861405371284	2.4815382130314	7	Val-de-Marne (94)	Dept. en IDF
#FFA500	48.860848724102	2.4956483361361	7	Val-de-Marne (94)	Dept. en IDF
#FFA500	48.844429712931	2.5313232159076	7	Val-de-Marne (94)	Dept. en IDF
#FFA500	48.8226801571	2.5709791871159	7	Val-de-Marne (94)	Dept. en IDF
#FFA500	48.8129126037	2.574124871997	7	Val-de-Marne (94)	Dept. en IDF
#FFA500	48.807437551952	2.5922736733656	7	Val-de-Marne (94)	Dept. en IDF
#FFA500	48.798135558654	2.5918208872821	7	Val-de-Marne (94)	Dept. en IDF
#FFA500	48.794974135979	2.5997697108259	7	Val-de-Marne (94)	Dept. en IDF
#FFA500	48.778627130829	2.5856046173972	7	Val-de-Marne (94)	Dept. en IDF
#FFA500	48.77140075822	2.5919605754401	7	Val-de-Marne (94)	Dept. en IDF
#FFA500	48.774401216878	2.6070020497727	7	Val-de-Marne (94)	Dept. en IDF
#FFA500	48.76102540673	2.6136517425679	7	Val-de-Marne (94)	Dept. en IDF
#FFA500	48.760480074814	2.5982969429908	7	Val-de-Marne (94)	Dept. en IDF
#FFA500	48.753730034287	2.6023411143901	7	Val-de-Marne (94)	Dept. en IDF
#FFA500	48.741487637605	2.5858204453665	7	Val-de-Marne (94)	Dept. en IDF
#FFA500	48.73180600135	2.5946737376888	7	Val-de-Marne (94)	Dept. en IDF
#FFA500	48.727242137595	2.5852087623188	7	Val-de-Marne (94)	Dept. en IDF
#FFA500	48.707221723749	2.5688027048808	7	Val-de-Marne (94)	Dept. en IDF
#FFA500	48.700368420834	2.5752212918029	7	Val-de-Marne (94)	Dept. en IDF
#FFA500	48.69201676557	2.5716535034613	7	Val-de-Marne (94)	Dept. en IDF
#FFA500	48.688326690701	2.5538613239117	7	Val-de-Marne (94)	Dept. en IDF
#FFA500	48.700126122289	2.5415977449297	7	Val-de-Marne (94)	Dept. en IDF
#FFA500	48.699783892783	2.5310726121952	7	Val-de-Marne (94)	Dept. en IDF
#FFA500	48.706797944381	2.5292660759678	7	Val-de-Marne (94)	Dept. en IDF
#FFA500	48.712797146805	2.5208681543244	7	Val-de-Marne (94)	Dept. en IDF
#FFA500	48.728940405475	2.5157481028347	7	Val-de-Marne (94)	Dept. en IDF
#FFA500	48.735213292289	2.5035392718422	7	Val-de-Marne (94)	Dept. en IDF
#FFA500	48.727641481468	2.4787749913062	7	Val-de-Marne (94)	Dept. en IDF
#FFA500	48.728713712543	2.4673873361332	7	Val-de-Marne (94)	Dept. en IDF
#FFA500	48.722660904777	2.4549382750663	7	Val-de-Marne (94)	Dept. en IDF
#FFA500	48.725433667155	2.4401207414166	7	Val-de-Marne (94)	Dept. en IDF
#FFA500	48.717993666318	2.414130346149	7	Val-de-Marne (94)	Dept. en IDF
#FFA500	48.726050022829	2.4110164293164	7	Val-de-Marne (94)	Dept. en IDF
#FFA500	48.719975201473	2.3867469186816	7	Val-de-Marne (94)	Dept. en IDF
#FFA500	48.720171411205	2.3707040678761	7	Val-de-Marne (94)	Dept. en IDF
#FFA500	48.746067457624	2.3693515629708	7	Val-de-Marne (94)	Dept. en IDF
#FFA500	48.738565068167	2.3546796298175	7	Val-de-Marne (94)	Dept. en IDF
#FFA500	48.74875804931	2.3207207141635	7	Val-de-Marne (94)	Dept. en IDF
#FFA500	48.75695290327	2.3102224901101	7	Val-de-Marne (94)	Dept. en IDF
#FFA500	48.781908297526	2.3258147798433	7	Val-de-Marne (94)	Dept. en IDF
#FFA500	48.787997409568	2.3186962648686	7	Val-de-Marne (94)	Dept. en IDF
#FFA500	48.817010929642	2.3318980606376	7	Val-de-Marne (94)	Dept. en IDF
#FFA500	48.776101996393	2.2265538842831	1	Essonne (91)	Dept. en IDF
#FFA500	48.766192980349	2.2329743918365	1	Essonne (91)	Dept. en IDF
#FFA500	48.761102963541	2.2476645497167	1	Essonne (91)	Dept. en IDF
#FFA500	48.761011671227	2.2593929492592	1	Essonne (91)	Dept. en IDF
#FFA500	48.755288275593	2.275033240625	1	Essonne (91)	Dept. en IDF
#FFA500	48.747508493238	2.2853936451259	1	Essonne (91)	Dept. en IDF
#FFA500	48.740090859412	2.274821276941	1	Essonne (91)	Dept. en IDF
#FFA500	48.733011078618	2.2802904545364	1	Essonne (91)	Dept. en IDF
#FFA500	48.738637828397	2.2983820323129	1	Essonne (91)	Dept. en IDF
#FFA500	48.72948996497	2.3038400608379	1	Essonne (91)	Dept. en IDF
#FFA500	48.730280485815	2.3132939902039	1	Essonne (91)	Dept. en IDF
#FFA500	48.74875804931	2.3207207141635	1	Essonne (91)	Dept. en IDF
#FFA500	48.738565068167	2.3546796298175	1	Essonne (91)	Dept. en IDF
#FFA500	48.746067457624	2.3693515629708	1	Essonne (91)	Dept. en IDF
#FFA500	48.720171411205	2.3707040678761	1	Essonne (91)	Dept. en IDF
#FFA500	48.719975201473	2.3867469186816	1	Essonne (91)	Dept. en IDF
#FFA500	48.726050022829	2.4110164293164	1	Essonne (91)	Dept. en IDF
#FFA500	48.717993666318	2.414130346149	1	Essonne (91)	Dept. en IDF
#FFA500	48.725433667155	2.4401207414166	1	Essonne (91)	Dept. en IDF
#FFA500	48.722660904777	2.4549382750663	1	Essonne (91)	Dept. en IDF
#FFA500	48.728713712543	2.4673873361332	1	Essonne (91)	Dept. en IDF
#FFA500	48.727641481468	2.4787749913062	1	Essonne (91)	Dept. en IDF
#FFA500	48.735213292289	2.5035392718422	1	Essonne (91)	Dept. en IDF
#FFA500	48.728940405475	2.5157481028347	1	Essonne (91)	Dept. en IDF
#FFA500	48.712797146805	2.5208681543244	1	Essonne (91)	Dept. en IDF
#FFA500	48.706797944381	2.5292660759678	1	Essonne (91)	Dept. en IDF
#FFA500	48.699783892783	2.5310726121952	1	Essonne (91)	Dept. en IDF
#FFA500	48.700126122289	2.5415977449297	1	Essonne (91)	Dept. en IDF
#FFA500	48.688326690701	2.5538613239117	1	Essonne (91)	Dept. en IDF
#FFA500	48.69201676557	2.5716535034613	1	Essonne (91)	Dept. en IDF
#FFA500	48.690249491839	2.5787732945151	1	Essonne (91)	Dept. en IDF
#FFA500	48.679395351685	2.5853737107586	1	Essonne (91)	Dept. en IDF
#FFA500	48.672390641128	2.5594038933391	1	Essonne (91)	Dept. en IDF
#FFA500	48.67118451862	2.5448201812671	1	Essonne (91)	Dept. en IDF
#FFA500	48.657334981367	2.5336146170614	1	Essonne (91)	Dept. en IDF
#FFA500	48.651544369478	2.5411152047382	1	Essonne (91)	Dept. en IDF
#FFA500	48.635473450172	2.5424110527051	1	Essonne (91)	Dept. en IDF
#FFA500	48.633371245833	2.527421313864	1	Essonne (91)	Dept. en IDF
#FFA500	48.627093611305	2.5182318429154	1	Essonne (91)	Dept. en IDF
#FFA500	48.621417058075	2.5268345542116	1	Essonne (91)	Dept. en IDF
#FFA500	48.613103319179	2.5258420647199	1	Essonne (91)	Dept. en IDF
#FFA500	48.611406555087	2.5406937585523	1	Essonne (91)	Dept. en IDF
#FFA500	48.603850686248	2.5437805754235	1	Essonne (91)	Dept. en IDF
#FFA500	48.595495914424	2.5407668344973	1	Essonne (91)	Dept. en IDF
#FFA500	48.589171157103	2.5333428613649	1	Essonne (91)	Dept. en IDF
#FFA500	48.58325330677	2.5182811370135	1	Essonne (91)	Dept. en IDF
#FFA500	48.573224776701	2.5217689565415	1	Essonne (91)	Dept. en IDF
#FFA500	48.558215669745	2.5135771377389	1	Essonne (91)	Dept. en IDF
#FFA500	48.546173070367	2.5009750387696	1	Essonne (91)	Dept. en IDF
#FFA500	48.543116722691	2.5108180265073	1	Essonne (91)	Dept. en IDF
#FFA500	48.525234550232	2.4995247172499	1	Essonne (91)	Dept. en IDF
#FFA500	48.508140380735	2.5090104505562	1	Essonne (91)	Dept. en IDF
#FFA500	48.504445668033	2.5153562670148	1	Essonne (91)	Dept. en IDF
#FFA500	48.488378773705	2.51013182468	1	Essonne (91)	Dept. en IDF
#FFA500	48.484768503419	2.5018876471506	1	Essonne (91)	Dept. en IDF
#FFA500	48.461154873319	2.5059355570193	1	Essonne (91)	Dept. en IDF
#FFA500	48.439445122154	2.5047511155697	1	Essonne (91)	Dept. en IDF
#FFA500	48.429542119039	2.507657612825	1	Essonne (91)	Dept. en IDF
#FFA500	48.427459754888	2.5173761430247	1	Essonne (91)	Dept. en IDF
#FFA500	48.411251130404	2.5337277804202	1	Essonne (91)	Dept. en IDF
#FFA500	48.404237036735	2.5345790748515	1	Essonne (91)	Dept. en IDF
#FFA500	48.404932194382	2.5216189750667	1	Essonne (91)	Dept. en IDF
#FFA500	48.392912777413	2.5028806697968	1	Essonne (91)	Dept. en IDF
#FFA500	48.395570153778	2.482624887353	1	Essonne (91)	Dept. en IDF
#FFA500	48.390477944369	2.4738364829183	1	Essonne (91)	Dept. en IDF
#FFA500	48.3845692019	2.4831342533299	1	Essonne (91)	Dept. en IDF
#FFA500	48.376449111258	2.4692109816408	1	Essonne (91)	Dept. en IDF
#FFA500	48.374939569978	2.4514612247762	1	Essonne (91)	Dept. en IDF
#FFA500	48.362012190971	2.4298336175359	1	Essonne (91)	Dept. en IDF
#FFA500	48.353601096257	2.4353486081157	1	Essonne (91)	Dept. en IDF
#FFA500	48.337245759129	2.4255757157654	1	Essonne (91)	Dept. en IDF
#FFA500	48.336276224436	2.3931765378081	1	Essonne (91)	Dept. en IDF
#FFA500	48.330904514522	2.3936432426131	1	Essonne (91)	Dept. en IDF
#FFA500	48.320717653248	2.4026629385658	1	Essonne (91)	Dept. en IDF
#FFA500	48.314755298076	2.3968534009104	1	Essonne (91)	Dept. en IDF
#FFA500	48.308674310979	2.3698159145392	1	Essonne (91)	Dept. en IDF
#FFA500	48.320230117587	2.3401550939779	1	Essonne (91)	Dept. en IDF
#FFA500	48.333053330653	2.3276948002521	1	Essonne (91)	Dept. en IDF
#FFA500	48.330803657009	2.312593571187	1	Essonne (91)	Dept. en IDF
#FFA500	48.30822244035	2.2954192911964	1	Essonne (91)	Dept. en IDF
#FFA500	48.314682212687	2.2668923386489	1	Essonne (91)	Dept. en IDF
#FFA500	48.300243238173	2.2535700132149	1	Essonne (91)	Dept. en IDF
#FFA500	48.298393903395	2.2451518848313	1	Essonne (91)	Dept. en IDF
#FFA500	48.314580917036	2.2494360700816	1	Essonne (91)	Dept. en IDF
#FFA500	48.316370632568	2.2380428382036	1	Essonne (91)	Dept. en IDF
#FFA500	48.329962148865	2.2463103911083	1	Essonne (91)	Dept. en IDF
#FFA500	48.329229232055	2.2295923211201	1	Essonne (91)	Dept. en IDF
#FFA500	48.336416239958	2.2239137900476	1	Essonne (91)	Dept. en IDF
#FFA500	48.344598562828	2.2022520441218	1	Essonne (91)	Dept. en IDF
#FFA500	48.337062877906	2.1982097691131	1	Essonne (91)	Dept. en IDF
#FFA500	48.32642865382	2.185025102223	1	Essonne (91)	Dept. en IDF
#FFA500	48.313746373001	2.1813553737363	1	Essonne (91)	Dept. en IDF
#FFA500	48.312695907539	2.1690253806915	1	Essonne (91)	Dept. en IDF
#FFA500	48.315910610694	2.1543896262247	1	Essonne (91)	Dept. en IDF
#FFA500	48.304493813388	2.1557084788588	1	Essonne (91)	Dept. en IDF
#FFA500	48.298436908006	2.1637483268763	1	Essonne (91)	Dept. en IDF
#FFA500	48.299247999325	2.1361199958338	1	Essonne (91)	Dept. en IDF
#FFA500	48.29694441258	2.1105944678389	1	Essonne (91)	Dept. en IDF
#FFA500	48.307245161467	2.1137168991141	1	Essonne (91)	Dept. en IDF
#FFA500	48.307635584746	2.1061680366894	1	Essonne (91)	Dept. en IDF
#FFA500	48.293603520661	2.0815050149817	1	Essonne (91)	Dept. en IDF
#FFA500	48.295470353999	2.0527138226636	1	Essonne (91)	Dept. en IDF
#FFA500	48.289753273514	2.0493770399482	1	Essonne (91)	Dept. en IDF
#FFA500	48.288080340461	2.0228447716486	1	Essonne (91)	Dept. en IDF
#FFA500	48.284688606385	2.007237571012	1	Essonne (91)	Dept. en IDF
#FFA500	48.286584124472	1.9940901445311	1	Essonne (91)	Dept. en IDF
#FFA500	48.287202034779	1.9752915866555	1	Essonne (91)	Dept. en IDF
#FFA500	48.295582043441	1.9666102219583	1	Essonne (91)	Dept. en IDF
#FFA500	48.308685064463	1.959225976988	1	Essonne (91)	Dept. en IDF
#FFA500	48.314231718094	1.9694413393402	1	Essonne (91)	Dept. en IDF
#FFA500	48.323163720082	1.9744919508382	1	Essonne (91)	Dept. en IDF
#FFA500	48.328312555088	1.9823432207772	1	Essonne (91)	Dept. en IDF
#FFA500	48.335258065972	1.9749473035511	1	Essonne (91)	Dept. en IDF
#FFA500	48.352974683353	1.9733953665973	1	Essonne (91)	Dept. en IDF
#FFA500	48.362141015776	1.9868237281778	1	Essonne (91)	Dept. en IDF
#FFA500	48.380270715947	1.9763108383484	1	Essonne (91)	Dept. en IDF
#FFA500	48.38158815854	1.966381938603	1	Essonne (91)	Dept. en IDF
#FFA500	48.399385315775	1.9765710225943	1	Essonne (91)	Dept. en IDF
#FFA500	48.404321075988	1.9619541453882	1	Essonne (91)	Dept. en IDF
#FFA500	48.405651458209	1.9427703207411	1	Essonne (91)	Dept. en IDF
#FFA500	48.404126689728	1.9305611178719	1	Essonne (91)	Dept. en IDF
#FFA500	48.412741750651	1.925889401548	1	Essonne (91)	Dept. en IDF
#FFA500	48.426390003183	1.9378068315128	1	Essonne (91)	Dept. en IDF
#FFA500	48.441083787001	1.9428970138616	1	Essonne (91)	Dept. en IDF
#FFA500	48.442264032481	1.9331248410711	1	Essonne (91)	Dept. en IDF
#FFA500	48.453403326926	1.9304234130097	1	Essonne (91)	Dept. en IDF
#FFA500	48.457599361977	1.9221462784913	1	Essonne (91)	Dept. en IDF
#FFA500	48.464861099393	1.9163409812792	1	Essonne (91)	Dept. en IDF
#FFA500	48.473854999246	1.9149199821626	1	Essonne (91)	Dept. en IDF
#FFA500	48.482145535364	1.9333793220099	1	Essonne (91)	Dept. en IDF
#FFA500	48.500865304824	1.9368069560798	1	Essonne (91)	Dept. en IDF
#FFA500	48.523736261273	1.9532944656762	1	Essonne (91)	Dept. en IDF
#FFA500	48.533067716836	1.9674208443859	1	Essonne (91)	Dept. en IDF
#FFA500	48.548106841763	1.9340616493117	1	Essonne (91)	Dept. en IDF
#FFA500	48.562926567593	1.9378900456787	1	Essonne (91)	Dept. en IDF
#FFA500	48.559466252882	1.9527665939994	1	Essonne (91)	Dept. en IDF
#FFA500	48.560481876073	1.9630289819786	1	Essonne (91)	Dept. en IDF
#FFA500	48.555550526577	1.9818197824217	1	Essonne (91)	Dept. en IDF
#FFA500	48.555387687139	1.999843911355	1	Essonne (91)	Dept. en IDF
#FFA500	48.557593755935	2.0175700627197	1	Essonne (91)	Dept. en IDF
#FFA500	48.569459551945	2.017226962458	1	Essonne (91)	Dept. en IDF
#FFA500	48.590748476784	2.0361244190883	1	Essonne (91)	Dept. en IDF
#FFA500	48.603502290966	2.0345020728388	1	Essonne (91)	Dept. en IDF
#FFA500	48.608729666136	2.0546695680501	1	Essonne (91)	Dept. en IDF
#FFA500	48.617597733568	2.0602471726215	1	Essonne (91)	Dept. en IDF
#FFA500	48.622732498273	2.0458818260422	1	Essonne (91)	Dept. en IDF
#FFA500	48.632456487516	2.034456506865	1	Essonne (91)	Dept. en IDF
#FFA500	48.641907744749	2.0359612070725	1	Essonne (91)	Dept. en IDF
#FFA500	48.642090643692	2.0200083770792	1	Essonne (91)	Dept. en IDF
#FFA500	48.647690003816	2.0129881452639	1	Essonne (91)	Dept. en IDF
#FFA500	48.659775158953	2.0112162167678	1	Essonne (91)	Dept. en IDF
#FFA500	48.657259334271	2.0281927750027	1	Essonne (91)	Dept. en IDF
#FFA500	48.664236731798	2.0290327276387	1	Essonne (91)	Dept. en IDF
#FFA500	48.680219226712	2.0376361003153	1	Essonne (91)	Dept. en IDF
#FFA500	48.68756805233	2.0456604451446	1	Essonne (91)	Dept. en IDF
#FFA500	48.68585446348	2.0822157938708	1	Essonne (91)	Dept. en IDF
#FFA500	48.692525773326	2.0857970428575	1	Essonne (91)	Dept. en IDF
#FFA500	48.694030740642	2.0978580418958	1	Essonne (91)	Dept. en IDF
#FFA500	48.702748042418	2.0969343192737	1	Essonne (91)	Dept. en IDF
#FFA500	48.71437841267	2.1103286614936	1	Essonne (91)	Dept. en IDF
#FFA500	48.724231347633	2.111168267855	1	Essonne (91)	Dept. en IDF
#FFA500	48.73436321985	2.0979976816391	1	Essonne (91)	Dept. en IDF
#FFA500	48.73955835886	2.1118838344903	1	Essonne (91)	Dept. en IDF
#FFA500	48.737136538566	2.1349745033773	1	Essonne (91)	Dept. en IDF
#FFA500	48.74615342302	2.1384211955586	1	Essonne (91)	Dept. en IDF
#FFA500	48.753710336104	2.1506777536849	1	Essonne (91)	Dept. en IDF
#FFA500	48.752014252613	2.1605126243942	1	Essonne (91)	Dept. en IDF
#FFA500	48.756836536461	2.1680122718546	1	Essonne (91)	Dept. en IDF
#FFA500	48.757574558863	2.1820123672797	1	Essonne (91)	Dept. en IDF
#FFA500	48.763285114137	2.192317263511	1	Essonne (91)	Dept. en IDF
#FFA500	48.775122277406	2.1910712604347	1	Essonne (91)	Dept. en IDF
#FFA500	48.769192527247	2.2099186754479	1	Essonne (91)	Dept. en IDF
#FFA500	48.776101996393	2.2265538842831	1	Essonne (91)	Dept. en IDF
#FFA500	49.232197221792	1.7043588288241	6	Val-d'Oise (95)	Dept. en IDF
#FFA500	49.22919730317	1.729662120604	6	Val-d'Oise (95)	Dept. en IDF
#FFA500	49.221277890399	1.7341091784733	6	Val-d'Oise (95)	Dept. en IDF
#FFA500	49.210958623685	1.7336823766846	6	Val-d'Oise (95)	Dept. en IDF
#FFA500	49.20967924589	1.7230394537953	6	Val-d'Oise (95)	Dept. en IDF
#FFA500	49.203118037941	1.7155761288215	6	Val-d'Oise (95)	Dept. en IDF
#FFA500	49.195712707137	1.7258249045161	6	Val-d'Oise (95)	Dept. en IDF
#FFA500	49.194603115202	1.7374357068856	6	Val-d'Oise (95)	Dept. en IDF
#FFA500	49.180151725276	1.7421415990654	6	Val-d'Oise (95)	Dept. en IDF
#FFA500	49.174545969477	1.7551705903258	6	Val-d'Oise (95)	Dept. en IDF
#FFA500	49.184104883007	1.7775554860529	6	Val-d'Oise (95)	Dept. en IDF
#FFA500	49.179854330047	1.7909791787819	6	Val-d'Oise (95)	Dept. en IDF
#FFA500	49.18526277584	1.7954740881562	6	Val-d'Oise (95)	Dept. en IDF
#FFA500	49.176162362964	1.8143979645085	6	Val-d'Oise (95)	Dept. en IDF
#FFA500	49.179516758866	1.8265758315348	6	Val-d'Oise (95)	Dept. en IDF
#FFA500	49.171698986367	1.8370818782543	6	Val-d'Oise (95)	Dept. en IDF
#FFA500	49.169896687357	1.8455433838221	6	Val-d'Oise (95)	Dept. en IDF
#FFA500	49.171448857663	1.877042152092	6	Val-d'Oise (95)	Dept. en IDF
#FFA500	49.162636028533	1.8852348791181	6	Val-d'Oise (95)	Dept. en IDF
#FFA500	49.166040538631	1.894536229716	6	Val-d'Oise (95)	Dept. en IDF
#FFA500	49.17416772145	1.931476176782	6	Val-d'Oise (95)	Dept. en IDF
#FFA500	49.170749195544	1.9480171420872	6	Val-d'Oise (95)	Dept. en IDF
#FFA500	49.173517298241	1.9607171629873	6	Val-d'Oise (95)	Dept. en IDF
#FFA500	49.18389441504	1.9734431640564	6	Val-d'Oise (95)	Dept. en IDF
#FFA500	49.176453415327	1.996823915181	6	Val-d'Oise (95)	Dept. en IDF
#FFA500	49.177609556506	2.0045021739488	6	Val-d'Oise (95)	Dept. en IDF
#FFA500	49.188671770161	2.0217858750717	6	Val-d'Oise (95)	Dept. en IDF
#FFA500	49.192136044555	2.0380917348167	6	Val-d'Oise (95)	Dept. en IDF
#FFA500	49.202860855132	2.066842351201	6	Val-d'Oise (95)	Dept. en IDF
#FFA500	49.209773929407	2.0808850919985	6	Val-d'Oise (95)	Dept. en IDF
#FFA500	49.204360444701	2.0915398506152	6	Val-d'Oise (95)	Dept. en IDF
#FFA500	49.189757147704	2.0968798927064	6	Val-d'Oise (95)	Dept. en IDF
#FFA500	49.186543761789	2.1133369040576	6	Val-d'Oise (95)	Dept. en IDF
#FFA500	49.191379169415	2.1327402600127	6	Val-d'Oise (95)	Dept. en IDF
#FFA500	49.179671393215	2.1645707336419	6	Val-d'Oise (95)	Dept. en IDF
#FFA500	49.172599185593	2.157743439339	6	Val-d'Oise (95)	Dept. en IDF
#FFA500	49.166004802028	2.1642743368285	6	Val-d'Oise (95)	Dept. en IDF
#FFA500	49.173675958457	2.1819527991076	6	Val-d'Oise (95)	Dept. en IDF
#FFA500	49.174316445929	2.204958905762	6	Val-d'Oise (95)	Dept. en IDF
#FFA500	49.180685270888	2.2186458815721	6	Val-d'Oise (95)	Dept. en IDF
#FFA500	49.167035850124	2.2354095182703	6	Val-d'Oise (95)	Dept. en IDF
#FFA500	49.154378017348	2.2163546658105	6	Val-d'Oise (95)	Dept. en IDF
#FFA500	49.151869445673	2.2230049777895	6	Val-d'Oise (95)	Dept. en IDF
#FFA500	49.152881479913	2.2524813607229	6	Val-d'Oise (95)	Dept. en IDF
#FFA500	49.158297463054	2.2622091200851	6	Val-d'Oise (95)	Dept. en IDF
#FFA500	49.156306628677	2.2695453788487	6	Val-d'Oise (95)	Dept. en IDF
#FFA500	49.160277559835	2.2862682227562	6	Val-d'Oise (95)	Dept. en IDF
#FFA500	49.170710377425	2.2888064839605	6	Val-d'Oise (95)	Dept. en IDF
#FFA500	49.17583535835	2.2994229533516	6	Val-d'Oise (95)	Dept. en IDF
#FFA500	49.183887047533	2.3011998615285	6	Val-d'Oise (95)	Dept. en IDF
#FFA500	49.186404768181	2.3109304401404	6	Val-d'Oise (95)	Dept. en IDF
#FFA500	49.180859736345	2.3222626753655	6	Val-d'Oise (95)	Dept. en IDF
#FFA500	49.161815854345	2.3462625342946	6	Val-d'Oise (95)	Dept. en IDF
#FFA500	49.147343950086	2.3592998527471	6	Val-d'Oise (95)	Dept. en IDF
#FFA500	49.159173609651	2.370937678429	6	Val-d'Oise (95)	Dept. en IDF
#FFA500	49.155913004846	2.383003341928	6	Val-d'Oise (95)	Dept. en IDF
#FFA500	49.1493504084	2.3912847262891	6	Val-d'Oise (95)	Dept. en IDF
#FFA500	49.151762413963	2.4153544805398	6	Val-d'Oise (95)	Dept. en IDF
#FFA500	49.14580411257	2.4409039786288	6	Val-d'Oise (95)	Dept. en IDF
#FFA500	49.133939040206	2.4354018020913	6	Val-d'Oise (95)	Dept. en IDF
#FFA500	49.135936921998	2.4615068862157	6	Val-d'Oise (95)	Dept. en IDF
#FFA500	49.126919463544	2.4817070713716	6	Val-d'Oise (95)	Dept. en IDF
#FFA500	49.122269747269	2.4992321189629	6	Val-d'Oise (95)	Dept. en IDF
#FFA500	49.118887475459	2.5020961933805	6	Val-d'Oise (95)	Dept. en IDF
#FFA500	49.106359373937	2.4899295573932	6	Val-d'Oise (95)	Dept. en IDF
#FFA500	49.099597191318	2.5310585957685	6	Val-d'Oise (95)	Dept. en IDF
#FFA500	49.119245162084	2.5329944482474	6	Val-d'Oise (95)	Dept. en IDF
#FFA500	49.122242313794	2.5408087122315	6	Val-d'Oise (95)	Dept. en IDF
#FFA500	49.118627938332	2.5561550654469	6	Val-d'Oise (95)	Dept. en IDF
#FFA500	49.113947081753	2.5520149054273	6	Val-d'Oise (95)	Dept. en IDF
#FFA500	49.098381756011	2.5581755098966	6	Val-d'Oise (95)	Dept. en IDF
#FFA500	49.091952842127	2.5786858654184	6	Val-d'Oise (95)	Dept. en IDF
#FFA500	49.080706309944	2.5833038141204	6	Val-d'Oise (95)	Dept. en IDF
#FFA500	49.079653961607	2.5905283926735	6	Val-d'Oise (95)	Dept. en IDF
#FFA500	49.059825274601	2.5715472662178	6	Val-d'Oise (95)	Dept. en IDF
#FFA500	49.054149235821	2.5741880306468	6	Val-d'Oise (95)	Dept. en IDF
#FFA500	49.052600876728	2.5847224172596	6	Val-d'Oise (95)	Dept. en IDF
#FFA500	49.046956449876	2.5882844530991	6	Val-d'Oise (95)	Dept. en IDF
#FFA500	49.043134042541	2.573590385495	6	Val-d'Oise (95)	Dept. en IDF
#FFA500	49.030110020073	2.5662405882259	6	Val-d'Oise (95)	Dept. en IDF
#FFA500	49.023448531806	2.5476478248421	6	Val-d'Oise (95)	Dept. en IDF
#FFA500	49.023809402045	2.5350135962143	6	Val-d'Oise (95)	Dept. en IDF
#FFA500	49.016609544367	2.5378177402082	6	Val-d'Oise (95)	Dept. en IDF
#FFA500	49.014720763277	2.5490471496408	6	Val-d'Oise (95)	Dept. en IDF
#FFA500	49.009816202999	2.5530565519414	6	Val-d'Oise (95)	Dept. en IDF
#FFA500	49.004873251062	2.5477767707755	6	Val-d'Oise (95)	Dept. en IDF
#FFA500	49.005223735412	2.5322372193717	6	Val-d'Oise (95)	Dept. en IDF
#FFA500	48.9894603436	2.5183558101117	6	Val-d'Oise (95)	Dept. en IDF
#FFA500	48.982255621303	2.514763879623	6	Val-d'Oise (95)	Dept. en IDF
#FFA500	48.97770409094	2.5004037138928	6	Val-d'Oise (95)	Dept. en IDF
#FFA500	48.972719183153	2.4960054328348	6	Val-d'Oise (95)	Dept. en IDF
#FFA500	48.964338344645	2.4673269472292	6	Val-d'Oise (95)	Dept. en IDF
#FFA500	48.955049018342	2.4594885661379	6	Val-d'Oise (95)	Dept. en IDF
#FFA500	48.959221267075	2.427263253996	6	Val-d'Oise (95)	Dept. en IDF
#FFA500	48.956124752826	2.4073892851778	6	Val-d'Oise (95)	Dept. en IDF
#FFA500	48.962558403369	2.3943172032158	6	Val-d'Oise (95)	Dept. en IDF
#FFA500	48.970995811739	2.3845399502938	6	Val-d'Oise (95)	Dept. en IDF
#FFA500	48.974178481395	2.3664463375656	6	Val-d'Oise (95)	Dept. en IDF
#FFA500	48.965815537603	2.3536647251325	6	Val-d'Oise (95)	Dept. en IDF
#FFA500	48.959659512979	2.3277204556376	6	Val-d'Oise (95)	Dept. en IDF
#FFA500	48.96262002844	2.3061147975372	6	Val-d'Oise (95)	Dept. en IDF
#FFA500	48.966304083093	2.2989606605183	6	Val-d'Oise (95)	Dept. en IDF
#FFA500	48.958347222268	2.2882536989787	6	Val-d'Oise (95)	Dept. en IDF
#FFA500	48.950965864655	2.2909694895753	6	Val-d'Oise (95)	Dept. en IDF
#FFA500	48.946575058002	2.2687285425666	6	Val-d'Oise (95)	Dept. en IDF
#FFA500	48.927732507513	2.231140371461	6	Val-d'Oise (95)	Dept. en IDF
#FFA500	48.908679329899	2.2005910092695	6	Val-d'Oise (95)	Dept. en IDF
#FFA500	48.914390956152	2.2037015884478	6	Val-d'Oise (95)	Dept. en IDF
#FFA500	48.935252831528	2.1989282039477	6	Val-d'Oise (95)	Dept. en IDF
#FFA500	48.94051776568	2.2060210022656	6	Val-d'Oise (95)	Dept. en IDF
#FFA500	48.949738062716	2.205861118488	6	Val-d'Oise (95)	Dept. en IDF
#FFA500	48.953158232311	2.1735533368231	6	Val-d'Oise (95)	Dept. en IDF
#FFA500	48.964137829678	2.1782956060357	6	Val-d'Oise (95)	Dept. en IDF
#FFA500	48.975633867858	2.1732779441741	6	Val-d'Oise (95)	Dept. en IDF
#FFA500	48.985726242203	2.1549353971038	6	Val-d'Oise (95)	Dept. en IDF
#FFA500	48.989140165715	2.1269716643348	6	Val-d'Oise (95)	Dept. en IDF
#FFA500	48.993300321431	2.1207126382788	6	Val-d'Oise (95)	Dept. en IDF
#FFA500	49.009679391237	2.127121298296	6	Val-d'Oise (95)	Dept. en IDF
#FFA500	49.018332284915	2.1212540749308	6	Val-d'Oise (95)	Dept. en IDF
#FFA500	49.008729959034	2.1102443408749	6	Val-d'Oise (95)	Dept. en IDF
#FFA500	49.014674188012	2.0849108992224	6	Val-d'Oise (95)	Dept. en IDF
#FFA500	49.002257622875	2.0754526810069	6	Val-d'Oise (95)	Dept. en IDF
#FFA500	49.008208904929	2.0644261289366	6	Val-d'Oise (95)	Dept. en IDF
#FFA500	49.003200683684	2.0498584568979	6	Val-d'Oise (95)	Dept. en IDF
#FFA500	48.998756705331	2.0247730275828	6	Val-d'Oise (95)	Dept. en IDF
#FFA500	49.00106609648	2.0144337197287	6	Val-d'Oise (95)	Dept. en IDF
#FFA500	49.021006179043	1.9918871076265	6	Val-d'Oise (95)	Dept. en IDF
#FFA500	49.019426174588	1.974053010825	6	Val-d'Oise (95)	Dept. en IDF
#FFA500	49.024533707311	1.9549423612736	6	Val-d'Oise (95)	Dept. en IDF
#FFA500	49.021772717877	1.9378008717251	6	Val-d'Oise (95)	Dept. en IDF
#FFA500	49.048019307838	1.9085198609511	6	Val-d'Oise (95)	Dept. en IDF
#FFA500	49.033529797441	1.8832054260904	6	Val-d'Oise (95)	Dept. en IDF
#FFA500	49.019542051399	1.8818941990409	6	Val-d'Oise (95)	Dept. en IDF
#FFA500	49.01823441815	1.8691165460014	6	Val-d'Oise (95)	Dept. en IDF
#FFA500	49.035204042747	1.8520019385024	6	Val-d'Oise (95)	Dept. en IDF
#FFA500	49.046346047943	1.8606119952712	6	Val-d'Oise (95)	Dept. en IDF
#FFA500	49.05747165429	1.8654659990427	6	Val-d'Oise (95)	Dept. en IDF
#FFA500	49.064654564598	1.8417831494014	6	Val-d'Oise (95)	Dept. en IDF
#FFA500	49.069332222477	1.8406440398067	6	Val-d'Oise (95)	Dept. en IDF
#FFA500	49.076360256056	1.8239435408566	6	Val-d'Oise (95)	Dept. en IDF
#FFA500	49.072232211602	1.7965480580586	6	Val-d'Oise (95)	Dept. en IDF
#FFA500	49.064555011994	1.7998422239972	6	Val-d'Oise (95)	Dept. en IDF
#FFA500	49.058508218145	1.7941625055309	6	Val-d'Oise (95)	Dept. en IDF
#FFA500	49.05658172354	1.7777603243167	6	Val-d'Oise (95)	Dept. en IDF
#FFA500	49.063324634192	1.7596223758831	6	Val-d'Oise (95)	Dept. en IDF
#FFA500	49.05410421169	1.7502240292765	6	Val-d'Oise (95)	Dept. en IDF
#FFA500	49.048223015203	1.7511782974558	6	Val-d'Oise (95)	Dept. en IDF
#FFA500	49.048684595888	1.7356433379106	6	Val-d'Oise (95)	Dept. en IDF
#FFA500	49.044974719281	1.7234517354795	6	Val-d'Oise (95)	Dept. en IDF
#FFA500	49.04903025476	1.7171010524139	6	Val-d'Oise (95)	Dept. en IDF
#FFA500	49.056327234914	1.6949167927313	6	Val-d'Oise (95)	Dept. en IDF
#FFA500	49.065962446366	1.6971091015472	6	Val-d'Oise (95)	Dept. en IDF
#FFA500	49.078154769223	1.6736890350523	6	Val-d'Oise (95)	Dept. en IDF
#FFA500	49.081089987836	1.6602322098294	6	Val-d'Oise (95)	Dept. en IDF
#FFA500	49.081251769387	1.6429103427093	6	Val-d'Oise (95)	Dept. en IDF
#FFA500	49.078286632616	1.6292577222733	6	Val-d'Oise (95)	Dept. en IDF
#FFA500	49.071448021972	1.6141564760593	6	Val-d'Oise (95)	Dept. en IDF
#FFA500	49.077894185227	1.608798807603	6	Val-d'Oise (95)	Dept. en IDF
#FFA500	49.086078404348	1.6233233619235	6	Val-d'Oise (95)	Dept. en IDF
#FFA500	49.093996514155	1.6175344667245	6	Val-d'Oise (95)	Dept. en IDF
#FFA500	49.124713530921	1.6470910019222	6	Val-d'Oise (95)	Dept. en IDF
#FFA500	49.130164014177	1.655781502711	6	Val-d'Oise (95)	Dept. en IDF
#FFA500	49.145440634177	1.6539225302112	6	Val-d'Oise (95)	Dept. en IDF
#FFA500	49.153368483471	1.6643792614171	6	Val-d'Oise (95)	Dept. en IDF
#FFA500	49.178613559023	1.6670168601861	6	Val-d'Oise (95)	Dept. en IDF
#FFA500	49.202542812736	1.6769552220057	6	Val-d'Oise (95)	Dept. en IDF
#FFA500	49.21186711807	1.6757423007191	6	Val-d'Oise (95)	Dept. en IDF
#FFA500	49.229320472612	1.7040643483737	6	Val-d'Oise (95)	Dept. en IDF
#FFA500	49.232197221792	1.7043588288241	6	Val-d'Oise (95)	Dept. en IDF
